id,score_prix,score_hopitaux,score_practicien,score_metro,score_parking
0,0.0,0.0,0.0,0.0,0.0
1,0.0,0.0,0.0,0.0,0.0
2,14.043079647160761,0.0,0.0,0.0,0.0
3,8.050102780801105,0.0,0.0,0.0,0.0
4,0.0,0.0,0.0,0.0,0.0
5,0.0,0.0,0.0,0.0,0.0
6,0.0,0.0,0.0,0.0,0.0
7,0.0,0.0,0.0,0.0,0.0
8,33.10827871768976,0.0,0.0,0.0,0.0
9,26.83499921516602,0.0,0.0,0.0,0.0
10,6.0025128431704715,19.607843137254903,0.0,0.0,0.0
11,50.63829188007598,0.0,0.0,0.0,0.0
12,31.068568853563093,0.0,0.0,0.0,0.0
13,27.786812817890027,0.0,0.0,0.0,0.0
14,18.603898000121898,0.0,0.0,0.0,0.0
15,0.0,0.0,0.0,0.0,0.0
16,26.809149929632493,0.0,0.0,0.0,0.0
17,38.149308011135105,19.607843137254903,0.0,0.0,0.0
18,0.0,0.0,0.0,0.0,0.0
19,0.0,0.0,0.0,0.0,0.0
20,0.0,0.0,0.0,0.0,0.0
21,0.0,0.0,0.0,0.0,0.0
22,0.0,0.0,0.0,0.0,0.0
23,0.0,0.0,0.0,0.0,0.0
24,27.961219033025497,0.0,0.0,0.0,0.0
25,0.0,0.0,0.0,0.0,0.0
26,14.731045321602565,19.607843137254903,0.0,0.0,0.0
27,0.0,0.0,0.0,0.0,0.0
28,0.0,0.0,0.0,0.0,0.0
29,0.0,0.0,0.0,0.0,0.0
30,0.0,0.0,0.0,0.0,0.0
31,0.0,0.0,0.0,0.0,0.0
32,36.91957109838685,0.0,0.0,0.0,0.0
33,56.00585115296985,0.0,0.0,0.0,0.0
34,0.3039511901583025,0.0,0.0,0.0,0.0
35,0.0,0.0,0.0,0.0,0.0
36,0.0,0.0,0.0,0.0,0.0
37,0.0,0.0,0.0,0.0,0.0
38,0.0,0.0,0.0,0.0,0.0
39,0.0,0.0,0.0,0.0,0.0
40,0.0,0.0,0.0,0.0,0.0
41,0.0,0.0,0.0,0.0,0.0
42,29.30231047571136,0.0,0.0,0.0,0.0
43,52.885207733788,0.0,0.0,0.0,0.0
44,34.00675514914773,0.0,0.0,0.0,0.0
45,0.0,0.0,0.0,0.0,0.0
46,0.0,0.0,0.0,0.0,0.0
47,0.0,0.0,0.0,0.0,0.0
48,0.0,0.0,0.0,0.0,0.0
49,0.0,0.0,0.0,0.0,0.0
50,0.0,0.0,0.0,0.0,0.0
51,0.0,0.0,0.0,0.0,0.0
52,0.0,0.0,0.0,0.0,0.0
53,58.810737902354425,0.0,0.0,0.0,0.0
54,0.0,0.0,0.0,0.0,0.0
55,0.0,0.0,0.0,0.0,0.0
56,0.0,0.0,0.0,0.0,0.0
57,0.0,0.0,0.0,0.0,0.0
58,0.0,0.0,0.0,0.0,0.0
59,0.0,0.0,0.0,0.0,0.0
60,0.0,0.0,0.0,0.0,0.0
61,0.0,0.0,0.0,0.0,0.0
62,0.0,0.0,0.0,0.0,0.0
63,0.0,0.0,0.0,0.0,0.0
64,0.0,0.0,0.0,0.0,0.0
65,0.0,0.0,0.0,0.0,0.0
66,0.0,0.0,0.0,0.0,0.0
67,0.0,0.0,0.0,0.0,0.0
68,20.98434642040963,0.0,0.0,0.0,0.0
69,11.807550158589708,0.0,0.0,0.0,0.0
70,13.669596460470268,0.0,0.0,0.0,0.0
71,44.62668834700765,0.0,0.0,0.0,0.0
72,30.049162373565817,0.0,0.0,0.0,0.0
73,20.341855853478783,0.0,0.0,0.0,0.0
74,52.7356046875,0.0,0.0,0.0,0.0
75,17.846667373160795,0.0,0.0,0.0,0.0
76,72.24995122301114,0.0,0.0,0.0,0.0
77,10.692438086452116,0.0,0.0,0.0,0.0
78,0.0,0.0,0.0,0.0,0.0
79,0.0,0.0,0.0,0.0,0.0
80,0.0,0.0,0.0,0.0,0.0
81,0.0,0.0,0.0,0.0,0.0
82,0.0,0.0,0.0,0.0,0.0
83,0.0,0.0,0.0,0.0,0.0
84,22.86673456881444,0.0,0.0,0.0,0.0
85,18.08427724835684,0.0,0.0,0.0,0.0
86,10.081006631171508,0.0,0.0,0.0,0.0
87,0.0,0.0,0.0,0.0,0.0
88,49.80205278358362,0.0,0.0,0.0,0.0
89,59.4674552334543,0.0,0.0,0.0,0.0
90,9.190875929689014,0.0,0.0,0.0,0.0
91,0.0,0.0,0.0,0.0,0.0
92,24.153404524308563,0.0,0.0,0.0,0.0
93,45.738964251439555,0.0,0.0,0.0,0.0
94,0.0,0.0,0.0,0.0,0.0
95,0.0,0.0,0.0,0.0,0.0
96,16.807907951666913,0.0,0.0,0.0,0.0
97,0.0,0.0,0.0,0.0,0.0
98,0.0,0.0,0.0,0.0,0.0
99,0.0,0.0,0.0,0.0,0.0
100,0.0,0.0,0.0,0.0,0.0
101,15.230114430829545,0.0,0.0,0.0,0.0
102,57.89434205623696,0.0,0.0,0.0,0.0
103,47.5012816493238,0.0,0.0,0.0,0.0
104,0.0,0.0,0.0,0.0,0.0
105,0.0,0.0,0.0,0.0,0.0
106,48.360407366071435,0.0,0.0,0.0,0.0
107,16.761477287694014,0.0,0.0,0.0,0.0
108,29.658640523221045,0.0,0.0,0.0,0.0
109,0.0,0.0,0.0,0.0,0.0
110,0.0,0.0,0.0,0.0,0.0
111,0.0,0.0,0.0,0.0,0.0
112,0.0,0.0,0.0,0.0,0.0
113,0.0,0.0,0.0,0.0,0.0
114,0.0,0.0,0.0,0.0,0.0
115,0.0,0.0,0.0,0.0,0.0
116,0.0,0.0,0.0,0.0,0.0
117,0.0,0.0,0.0,0.0,0.0
118,0.0,0.0,0.0,0.0,0.0
119,0.0,0.0,0.0,0.0,0.0
120,0.0,0.0,0.0,0.0,0.0
121,0.0,0.0,0.0,0.0,0.0
122,0.0,0.0,0.0,0.0,0.0
123,0.0,0.0,0.0,0.0,0.0
124,0.0,0.0,0.0,0.0,0.0
125,0.0,0.0,0.0,0.0,0.0
126,0.0,0.0,0.0,0.0,0.0
127,8.110191529466837,0.0,0.0,0.0,0.0
128,16.11769357669719,0.0,0.0,0.0,0.0
129,35.898201989421466,0.0,0.0,0.0,0.0
130,54.29696850030694,0.0,0.0,0.0,0.0
131,72.84086794295528,0.0,0.0,0.0,0.0
132,26.115471145248325,0.0,0.0,0.0,0.0
133,41.79162030839687,0.0,0.0,0.0,0.0
134,0.0,0.0,0.0,0.0,0.0
135,0.0,0.0,0.0,0.0,0.0
136,1.340996093750002,0.0,0.0,0.0,0.0
137,0.0,0.0,0.0,0.0,0.0
138,11.000000089518224,0.0,0.0,0.0,0.0
139,0.0,0.0,0.0,0.0,0.0
140,0.0,0.0,0.0,0.0,0.0
141,0.0,0.0,0.0,0.0,0.0
142,0.0,0.0,0.0,0.0,0.0
143,0.0,0.0,0.0,0.0,0.0
144,28.003846035268932,0.0,0.0,0.0,0.0
145,43.602359258030354,0.0,0.0,0.0,0.0
146,0.0,0.0,0.0,0.0,0.0
147,21.15699699292859,0.0,0.0,0.0,0.0
148,27.640977395620048,0.0,0.0,0.0,0.0
149,0.0,0.0,0.0,0.0,0.0
150,69.98171783383502,0.0,0.0,0.0,0.011627906976744186
151,61.43066858072921,0.0,0.0,0.0,0.0
152,28.513174929667894,0.0,0.0,0.0,0.0
153,29.07922514867912,0.0,0.0,0.0,0.0
154,34.48345170115674,0.0,0.0,0.0,0.0
155,20.68071800529202,0.0,0.0,0.0,0.0
156,0.0,0.0,0.0,0.0,0.0
157,0.0,0.0,0.0,0.0,0.0
158,0.0,0.0,0.0,0.0,0.0
159,0.0,0.0,0.0,0.0,0.0
160,81.84993281134476,0.0,0.0,0.0,0.0
161,31.99958957981419,0.0,0.0,0.0,0.0
162,40.05178175510048,0.0,0.0,0.0,0.0
163,23.237477798643226,0.0,0.0,0.0,0.0
164,64.1544146879686,0.0,0.0,0.0,0.0
165,15.677260021538963,0.0,0.0,0.0,0.0
166,0.0,0.0,0.0,0.0,0.0
167,25.08850623516502,0.0,0.0,0.0,0.0
168,6.460094697523999,0.0,0.0,0.0,0.0
169,0.0,0.0,0.0,0.0,0.0
170,0.0,0.0,0.0,0.0,0.0
171,0.0,0.0,0.0,0.0,0.0
172,0.0,0.0,0.0,0.0,0.0
173,0.0,0.0,0.0,0.0,0.0
174,0.0,0.0,0.0,0.0,0.0
175,0.0,0.0,0.0,0.0,0.0
176,0.0,0.0,0.0,0.0,0.0
177,0.0,0.0,0.0,0.0,0.0
178,0.0,0.0,0.0,0.0,0.0
179,8.390561712173916,0.0,0.0,0.0,0.0
180,0.0,0.0,0.0,0.0,0.0
181,0.0,0.0,0.0,0.0,0.0
182,0.0,0.0,0.0,0.0,0.0
183,0.0,0.0,0.0,0.0,0.0
184,0.0,0.0,0.0,0.0,0.0
185,0.0,0.0,0.0,0.0,0.0
186,0.0,0.0,0.0,0.0,0.0
187,0.0,0.0,0.0,0.0,0.0
188,0.0,0.0,0.0,0.0,0.0
189,31.573319870011108,0.0,0.0,0.0,0.0
190,75.84638993818682,0.0,0.0,0.0,0.0
191,56.326714369120424,0.0,0.0,0.0,0.0
192,45.17861761500307,0.0,0.0,0.0,0.0
193,0.0,0.0,0.0,0.0,0.0
194,16.25554871635061,0.0,0.0,0.0,0.0
195,18.053775060904076,0.0,0.0,0.0,0.0
196,33.47619900273355,0.0,0.0,0.0,0.0
197,29.236243644364833,0.0,0.0,0.0,0.0
198,17.89584865817776,0.0,0.0,0.0,0.0
199,26.893051286475345,0.0,0.0,0.0,0.0
200,0.0,0.0,0.0,0.0,0.0
201,0.0,0.0,0.0,0.0,0.0
202,0.0,0.0,0.0,0.0,0.0
203,0.0,0.0,0.0,0.0,0.0
204,30.65025405594791,0.0,0.0,0.0,0.0
205,69.90025261948529,0.0,0.0,0.0,0.0
206,0.0,0.0,0.0,0.0,0.0
207,37.08526304804296,0.0,0.0,0.0,0.0
208,0.0,0.0,0.0,0.0,0.0
209,42.405781050476975,0.0,0.0,0.0,0.0
210,77.31708539865127,0.0,0.0,0.0,0.0
211,17.036457269539763,0.0,0.0,0.0,0.0
212,25.45851963645155,0.0,0.0,0.0,0.0
213,27.46499661260662,0.0,0.0,0.0,0.0
214,29.987296181555443,0.0,0.0,0.0,0.0
215,0.0,0.0,0.0,0.0,0.0
216,0.0,0.0,0.0,0.0,0.0
217,0.0,0.0,0.0,0.0,0.0
218,0.0,0.0,0.0,0.0,0.0
219,40.68163514379995,0.0,0.0,0.0,0.0
220,78.69584035816698,0.0,0.0,0.0,0.0
221,46.52855771227771,0.0,0.0,0.0,0.0
222,84.27228922526042,0.0,0.0,0.0,0.0
223,77.74534027777777,0.0,0.0,0.0,0.0
224,75.00082381593205,0.0,0.0,0.0,0.0
225,46.55542716362723,0.0,0.0,0.0,0.0
226,27.645947461244656,0.0,0.0,0.0,0.0
227,33.3064679106405,0.0,0.0,0.0,0.0
228,3.1704777113512717,0.0,0.0,0.0,0.0
229,0.0,0.0,0.0,0.0,0.0
230,0.0,0.0,0.0,0.0,0.0
231,0.0,0.0,0.0,0.0,0.0
232,2.8204359155220127,0.0,0.0,0.0,0.0
233,27.002018196581734,0.0,0.0,0.0,0.0
234,21.144361584595963,0.0,0.0,0.0,0.0
235,0.0,0.0,0.0,0.0,0.0
236,0.0,0.0,0.0,0.0,0.0
237,0.0,0.0,0.0,0.0,0.0
238,0.0,0.0,0.0,0.0,0.0
239,0.0,0.0,0.0,0.0,0.0
240,34.62775094514029,0.0,0.0,0.0,0.0
241,23.089445632619288,0.0,0.0,0.0,0.0
242,8.808247289920768,0.0,0.0,0.0,0.0
243,0.0,0.0,0.0,0.0,0.0
244,0.0,0.0,0.0,0.0,0.0
245,0.0,0.0,0.0,0.0,0.0
246,0.0,0.0,0.0,0.0,0.0
247,0.0,0.0,0.0,0.0,0.0
248,0.0,0.0,0.0,0.0,0.0
249,20.77524624676379,0.0,0.0,0.0,0.0
250,20.53734695924937,0.0,0.0,0.0,0.0
251,13.540322202890609,0.0,0.0,0.0,0.0
252,0.0,0.0,0.0,0.0,0.0
253,0.0,0.0,0.0,2.2222222222222223,0.0
254,17.338965550741705,0.0,0.0,0.0,0.0
255,38.16407492421811,0.0,0.0,0.0,0.0
256,36.078593824508985,0.0,0.0,0.0,0.0
257,81.12742098209782,0.0,0.0,0.0,0.0
258,30.996706182306465,0.0,0.0,0.0,0.0
259,31.799363907718615,0.0,0.0,0.0,0.0
260,0.0,0.0,0.0,0.0,0.0
261,0.0,0.0,0.0,0.0,0.0
262,0.0,0.0,0.0,0.0,0.0
263,0.0,0.0,0.0,0.0,0.0
264,50.06049694004206,0.0,0.0,0.0,0.0
265,30.662102437154772,0.0,0.0,0.0,0.0
266,28.856504820936635,0.0,0.0,0.0,0.0
267,23.857387235159543,0.0,0.0,0.0,0.0
268,43.384951884446885,0.0,0.0,0.0,0.0
269,54.22352262532624,0.0,0.0,0.0,0.0
270,85.6001255877284,0.0,0.0,0.0,0.010416666666666666
271,71.78084669522221,0.0,0.0,0.0,0.0
272,34.54039873693107,0.0,0.0,0.0,0.0
273,82.86397973288433,0.0,0.0,0.0,0.0
274,14.0992223777194,0.0,0.0,0.0,0.0
275,0.0,0.0,0.0,0.0,0.0
276,0.0,0.0,0.0,0.0,0.0
277,0.0,0.0,0.0,0.0,0.0
278,22.457733040983353,0.0,0.0,0.0,0.0
279,27.329840700929264,0.0,0.0,0.0,0.0
280,26.573225721090076,0.0,0.0,0.0,0.0
281,31.16400038137944,0.0,0.0,0.0,0.0
282,34.317562790486086,0.0,0.0,0.0,0.0
283,28.521169942501835,0.0,0.0,0.0,0.0
284,75.46033970976254,0.0,0.0,0.0,0.0
285,29.432099556010925,0.0,0.0,0.0,0.0
286,6.840218999867731,0.0,0.0,0.0,0.0
287,21.655249243459174,0.0,0.0,0.0,0.0
288,0.0,0.0,0.0,0.0,0.0
289,0.0,0.0,0.0,0.0,0.0
290,23.525090462863783,0.0,0.0,0.0,0.0
291,18.57299793242496,0.0,0.0,0.0,0.0
292,31.386112183694358,0.0,0.0,0.0,0.0
293,41.397950230916955,0.0,0.0,0.0,0.0
294,0.0,0.0,0.0,0.0,0.0
295,0.0,0.0,0.0,0.0,0.0
296,0.0,0.0,0.0,0.0,0.0
297,0.0,0.0,0.0,0.0,0.0
298,0.0,0.0,0.0,0.0,0.0
299,0.0,0.0,0.0,0.0,0.0
300,37.61880042226817,0.0,0.0,0.0,0.0
301,21.325951283316236,0.0,0.0,0.0,0.0
302,0.0,0.0,0.0,0.0,0.0
303,0.0,0.0,0.0,0.0,0.0
304,0.0,0.0,0.0,0.0,0.0
305,0.0,0.0,0.0,0.0,0.0
306,0.0,0.0,0.0,0.0,0.0
307,0.0,0.0,0.0,0.0,0.0
308,24.91800630524982,0.0,0.0,0.0,0.022286821705426358
309,30.562921536829613,0.0,0.0,0.0,0.0
310,23.582778916035217,0.0,0.0,0.0,0.0
311,15.619863252618671,0.0,0.0,0.0,0.0
312,0.0,0.0,0.0,0.0,0.0
313,31.678879971518615,19.607843137254903,0.0,0.0,0.0
314,36.4499791069942,0.0,0.0,0.0,0.0
315,35.29838985637641,0.0,0.0,0.0,0.0
316,38.83777947349225,0.0,0.0,0.0,0.0
317,71.52945533272297,0.0,0.0,0.0,0.0
318,27.746369310982132,0.0,0.0,0.0,0.0
319,0.0,0.0,0.0,0.0,0.0
320,0.0,0.0,0.0,0.0,0.0
321,0.0,0.0,0.0,0.0,0.0
322,0.0,0.0,0.0,0.0,0.0
323,0.0,0.0,0.0,0.0,0.0
324,33.4158624196642,0.0,0.0,0.0,0.0
325,58.98069500542953,0.0,0.0,0.0,0.0
326,43.485443799230225,0.0,0.0,0.0,0.0
327,90.16993981083831,0.0,0.0,0.0,0.0
328,35.62431565283486,0.0,0.0,0.0,0.0
329,49.73043019385016,0.0,0.0,0.0,0.0
330,79.77316871114564,0.0,0.0,0.0,0.0
331,21.278083859372565,0.0,0.0,0.0,0.0
332,0.0,0.0,0.0,0.0,0.0
333,18.292716736449457,0.0,0.0,0.0,0.0
334,24.092700731236803,0.0,0.0,0.0,0.0
335,0.0,0.0,0.0,0.0,0.0
336,0.0,0.0,0.0,0.0,0.0
337,0.0,0.0,0.0,0.0,0.0
338,83.9031744738739,0.0,0.0,0.0,0.0
339,5.84479625650779,0.0,0.0,0.0,0.0
340,31.355285885232863,0.0,0.0,0.0,0.0
341,25.051598413607522,0.0,0.0,0.0,0.0
342,9.749592810486973,0.0,0.0,0.0,0.0
343,26.52747529094389,0.0,0.0,0.0,0.0
344,21.356421027825956,0.0,0.0,0.0,0.0
345,11.246216918875385,0.0,0.0,0.0,0.0
346,19.875624302812955,0.0,0.0,0.0,0.0
347,0.0,0.0,0.0,0.0,0.0
348,0.0,0.0,0.0,0.0,0.0
349,0.0,0.0,0.0,0.0,0.0
350,0.0,0.0,0.0,0.0,0.0
351,16.901953407060443,0.0,0.0,0.0,0.0
352,31.903532062992333,0.0,0.0,0.0,0.0
353,0.0,0.0,0.0,0.0,0.0
354,0.0,0.0,0.0,0.0,0.0
355,0.0,0.0,0.0,0.0,0.0
356,0.0,0.0,0.0,0.0,0.0
357,0.0,0.0,0.0,0.0,0.0
358,0.0,0.0,0.0,0.0,0.0
359,0.0,0.0,0.0,0.0,0.0
360,53.32849229600695,0.0,0.0,0.0,0.0
361,6.035697510568339,0.0,0.0,0.0,0.0
362,0.0,0.0,0.0,0.0,0.0
363,0.0,0.0,0.0,0.0,0.0
364,31.593019149810253,0.0,0.0,0.0,0.0
365,0.0,0.0,0.0,0.0,0.0
366,0.0,0.0,0.0,0.0,0.0
367,0.0,0.0,0.0,0.0,0.0
368,13.994268285904843,0.0,0.0,0.0,0.0
369,26.785385477015865,0.0,0.0,0.0,0.0
370,9.348100381520908,0.0,0.0,0.0,0.0
371,37.383844025706495,0.0,0.0,0.0,0.0
372,53.53412091295285,0.0,0.0,0.0,0.0
373,30.45728016253927,0.0,0.0,0.0,0.0
374,18.250026056440138,0.0,0.0,0.0,0.0
375,58.480804811633114,0.0,0.0,0.0,0.0
376,59.38617465127243,0.0,0.0,0.0,0.0
377,75.35420746579257,0.0,0.0,0.0,0.0
378,0.0,0.0,0.0,0.0,0.0
379,0.0,0.0,0.0,0.0,0.0
380,0.0,0.0,0.0,0.0,0.0
381,0.0,0.0,0.0,0.0,0.0
382,0.0,0.0,0.0,0.0,0.0
383,0.0,0.0,0.0,0.0,0.0
384,83.16266172763373,0.0,0.0,0.0,0.0
385,81.0752364287896,0.0,0.0,0.0,0.0
386,82.47856079597783,0.0,0.0,0.0,0.0
387,48.53658532123736,0.0,0.0,0.0,0.0
388,0.0,0.0,0.0,0.0,0.0
389,0.0,0.0,0.0,0.0,0.0
390,33.50986346424602,0.0,0.0,0.0,0.0
391,42.8903296240998,0.0,0.0,2.2222222222222223,0.0
392,0.0,0.0,0.0,0.0,0.0
393,0.0,0.0,0.0,0.0,0.0
394,26.426898381710252,0.0,0.0,0.0,0.0
395,35.87969408902251,0.0,0.0,0.0,0.0
396,0.0,0.0,0.0,0.0,0.0
397,0.0,0.0,0.0,0.0,0.0
398,1.7722407759692471,0.0,0.0,0.0,0.0
399,20.518922771336378,0.0,0.0,0.0,0.0
400,0.0,0.0,0.0,0.0,0.0
401,80.59613231444767,0.0,0.0,0.0,0.0
402,18.544202531553122,0.0,0.0,0.0,0.0
403,18.390059857449494,0.0,0.0,0.0,0.0
404,33.19539909716362,0.0,0.0,0.0,0.0
405,0.0,0.0,0.0,0.0,0.0
406,0.0,0.0,0.0,0.0,0.0
407,0.0,0.0,0.0,0.0,0.0
408,0.0,0.0,0.0,0.0,0.0
409,0.0,0.0,0.0,0.0,0.0
410,0.0,0.0,0.0,0.0,0.0
411,16.64524069023293,0.0,0.0,0.0,0.0
412,41.09417147258748,0.0,0.0,0.0,0.0
413,0.0,0.0,0.0,0.0,0.0
414,0.0,0.0,0.0,0.0,0.0
415,0.0,0.0,0.0,0.0,0.0
416,0.0,0.0,0.0,0.0,0.0
417,0.0,0.0,0.0,0.0,0.0
418,0.0,0.0,0.0,0.0,0.0
419,0.0,0.0,0.0,0.0,0.0
420,35.080933194290566,0.0,0.0,0.0,0.0
421,21.304584936467485,0.0,0.0,0.0,0.0
422,18.85438238294922,0.0,0.0,0.0,0.0
423,17.552458886788347,0.0,0.0,0.0,0.0
424,0.0,0.0,0.0,0.0,0.0
425,21.921938044612123,0.0,0.0,0.0,0.0
426,0.0,0.0,0.0,0.0,0.0
427,0.0,0.0,0.0,0.0,0.0
428,0.0,0.0,0.0,0.0,0.0
429,30.907860991115598,0.0,0.0,0.0,0.0
430,10.763692362521216,0.0,0.0,0.0,0.0
431,48.16163799989609,0.0,0.0,0.0,0.0
432,58.52144123641304,0.0,0.0,0.0,0.0
433,5.885226934523812,0.0,0.0,0.0,0.0
434,75.7825095190183,0.0,0.0,0.0,0.0
435,89.72349862680473,0.0,0.0,0.0,0.0
436,62.424760220314624,0.0,0.0,0.0,0.0
437,0.0,0.0,0.0,0.0,0.0
438,0.0,0.0,0.0,0.0,0.0
439,0.0,0.0,0.0,0.0,0.0
440,0.0,0.0,0.0,0.0,0.0
441,0.0,0.0,0.0,0.0,0.0
442,0.0,0.0,0.0,0.0,0.0
443,0.0,0.0,0.0,0.0,0.0
444,83.71642441742996,0.0,0.0,0.0,0.0
445,80.54009085663567,0.0,0.0,0.0,0.0
446,37.806012143284725,0.0,0.0,0.0,0.0
447,0.0,0.0,0.0,0.0,0.0
448,0.0,0.0,0.0,0.0,0.0
449,0.0,0.0,0.0,0.0,0.0
450,0.0,0.0,0.0,0.0,0.0
451,30.909837569134734,0.0,0.0,0.0,0.0
452,0.0,0.0,0.0,0.0,0.0
453,0.0,0.0,0.0,0.0,0.0
454,9.097020338606498,0.0,0.0,0.0,0.0
455,24.62777389687019,0.0,0.0,0.0,0.0
456,0.0,0.0,0.0,0.0,0.0
457,0.0,0.0,0.0,0.0,0.0
458,0.0,0.0,0.0,0.0,0.0
459,19.02636068929948,0.0,0.0,0.0,0.0
460,0.0,0.0,0.0,0.0,0.0
461,0.0,0.0,0.0,0.0,0.0
462,0.0,0.0,0.0,0.0,0.0
463,0.0,0.0,0.0,0.0,0.0
464,0.0,0.0,0.0,0.0,0.0
465,0.0,0.0,0.0,0.0,0.0
466,0.0,0.0,0.0,0.0,0.0
467,0.0,0.0,0.0,0.0,0.0
468,0.0,0.0,0.0,0.0,0.0
469,0.0,0.0,0.0,0.0,0.0
470,1.0939252988526271,0.0,0.0,0.0,0.0
471,17.873313216556564,0.0,0.0,0.0,0.0
472,0.0,0.0,0.0,0.0,0.0
473,0.0,0.0,0.0,0.0,0.0
474,0.0,0.0,0.0,0.0,0.0
475,0.0,0.0,0.0,0.0,0.0
476,0.0,0.0,0.0,0.0,0.0
477,0.0,0.0,0.0,0.0,0.0
478,0.0,0.0,0.0,0.0,0.0
479,0.0,0.0,0.0,0.0,0.0
480,16.91293190033013,0.0,0.0,0.0,0.0
481,76.81963673134172,0.0,0.0,0.0,0.0
482,8.117196763120804,0.0,0.0,0.0,0.0
483,33.64813610418257,0.0,0.0,0.0,0.0
484,23.62154000841734,0.0,0.0,0.0,0.0
485,34.87423453671079,0.0,0.0,0.0,0.0
486,0.0,0.0,0.0,0.0,0.0
487,20.963917771371932,0.0,0.0,0.0,0.0
488,12.135112065411713,0.0,0.0,0.0,0.0
489,31.780345465407333,0.0,0.0,0.0,0.0
490,13.426069580953182,0.0,0.0,0.0,0.0
491,52.913236899062014,0.0,0.0,0.0,0.0
492,62.79071307231106,0.0,0.0,0.0,0.0
493,78.39327501130497,0.0,0.0,2.2222222222222223,0.0
494,49.464705694289435,0.0,0.0,0.0,0.0
495,47.48421184016188,0.0,0.0,0.0,0.0
496,0.0,0.0,0.0,0.0,0.0
497,0.0,0.0,0.0,0.0,0.0
498,0.0,0.0,0.0,0.0,0.0
499,0.0,0.0,0.0,0.0,0.0
500,0.0,0.0,0.0,0.0,0.0
501,0.0,0.0,0.0,0.0,0.0
502,0.0,0.0,0.0,0.0,0.0
503,0.0,0.0,0.0,0.0,0.0
504,47.04184100211809,0.0,0.0,0.0,0.012112403100775194
505,0.0,0.0,0.0,0.0,0.0
506,3.7260827671805608,0.0,0.0,0.0,0.0
507,0.0,0.0,0.0,0.0,0.0
508,0.0,0.0,0.0,0.0,0.0
509,0.0,0.0,0.0,0.0,0.0
510,0.0,0.0,0.0,0.0,0.0
511,42.5005656738404,0.0,0.0,0.0,0.0
512,48.88927649854599,0.0,0.0,0.0,0.0
513,0.0,0.0,0.0,0.0,0.0
514,0.0,0.0,0.0,0.0,0.0
515,0.0,0.0,0.0,0.0,0.0
516,0.0,0.0,0.0,0.0,0.0
517,29.891394758206147,0.0,0.0,0.0,0.0
518,0.0,0.0,0.0,0.0,0.0
519,32.30523082639903,0.0,0.0,0.0,0.0
520,0.0,0.0,0.0,0.0,0.0
521,0.0,0.0,0.0,0.0,0.0
522,0.0,0.0,0.0,0.0,0.0
523,0.0,0.0,0.0,0.0,0.0
524,0.0,0.0,0.0,0.0,0.0
525,0.0,0.0,0.0,0.0,0.0
526,0.0,0.0,0.0,0.0,0.0
527,0.0,0.0,0.0,0.0,0.0
528,0.0,0.0,0.0,0.0,0.0
529,0.0,0.0,0.0,0.0,0.0
530,0.0,0.0,0.0,0.0,0.0
531,79.64081307344658,0.0,0.0,0.0,0.0
532,10.29464442959478,0.0,0.0,0.0,0.0
533,0.0,0.0,0.0,0.0,0.0
534,0.0,0.0,0.0,0.0,0.0
535,0.0,0.0,0.0,0.0,0.0
536,0.0,0.0,0.0,0.0,0.0
537,0.0,0.0,0.0,0.0,0.0
538,0.0,0.0,0.0,0.0,0.0
539,0.0,0.0,0.0,0.0,0.0
540,65.38401140219764,0.0,0.0,0.0,0.0
541,32.48504438253297,0.0,0.0,0.0,0.0
542,10.180154562752142,0.0,0.0,0.0,0.0
543,27.142048611111115,0.0,0.0,0.0,0.0
544,0.0,0.0,0.0,0.0,0.0
545,23.17821388547705,0.0,0.0,0.0,0.0
546,0.0,0.0,0.0,0.0,0.0
547,37.690504808213795,0.0,0.0,0.0,0.0
548,0.0,0.0,0.0,0.0,0.0
549,45.46617109503921,0.0,0.0,0.0,0.0
550,27.510067548326987,0.0,0.0,0.0,0.0
551,35.287062297069106,0.0,0.0,0.0,0.0
552,26.692536892609485,0.0,0.0,0.0,0.0
553,54.715306716037574,0.0,0.0,0.0,0.0
554,86.76471369987178,0.0,0.0,0.0,0.0
555,65.43224387488645,0.0,0.0,2.2222222222222223,0.0
556,86.45293389116566,0.0,0.0,0.0,0.0
557,0.0,0.0,0.0,0.0,0.0
558,0.0,0.0,0.0,0.0,0.0
559,0.0,0.0,0.0,0.0,0.0
560,0.0,0.0,0.0,0.0,0.0
561,0.0,0.0,0.0,0.0,0.0
562,0.0,0.0,0.0,0.0,0.0
563,0.0,0.0,0.0,0.0,0.0
564,0.0,0.0,0.0,0.0,0.0
565,0.0,0.0,0.0,0.0,0.0
566,0.0,0.0,0.0,0.0,0.0
567,0.0,0.0,0.0,0.0,0.0
568,0.0,0.0,0.0,0.0,0.0
569,0.0,0.0,0.0,0.0,0.0
570,0.0,0.0,0.0,0.0,0.0
571,25.545289236557412,0.0,0.0,0.0,0.0
572,40.12909419952877,0.0,0.0,0.0,0.0
573,0.0,0.0,0.0,0.0,0.0
574,0.0,0.0,0.0,0.0,0.0
575,0.0,0.0,0.0,0.0,0.0
576,0.0,0.0,0.0,0.0,0.0
577,26.915662253769245,0.0,0.0,0.0,0.0
578,0.0,0.0,0.0,0.0,0.0
579,0.0,0.0,0.0,0.0,0.0
580,0.0,39.21568627450981,0.0,0.0,0.0
581,0.0,0.0,0.0,0.0,0.0
582,0.0,0.0,0.0,0.0,0.0
583,0.0,0.0,0.0,0.0,0.0
584,0.0,0.0,0.0,0.0,0.0
585,0.0,0.0,0.0,0.0,0.0
586,0.0,0.0,0.0,0.0,0.0
587,0.0,0.0,0.0,0.0,0.0
588,0.0,0.0,0.0,0.0,0.0
589,0.0,0.0,0.0,0.0,0.0
590,0.0,0.0,0.0,0.0,0.0
591,25.158956503188445,0.0,0.0,0.0,0.0
592,47.81324594333427,0.0,0.0,0.0,0.0
593,0.0,0.0,0.0,0.0,0.0
594,0.0,0.0,0.0,0.0,0.0
595,0.0,0.0,0.0,0.0,0.0
596,0.0,0.0,0.0,0.0,0.0
597,2.8181315781292127,0.0,0.0,0.0,0.0
598,0.0,0.0,0.0,0.0,0.0
599,0.0,0.0,0.0,0.0,0.0
600,0.0,0.0,0.0,0.0,0.0
601,0.0,0.0,0.0,0.0,0.0
602,13.36990900127082,0.0,0.0,0.0,0.0
603,30.849684949069854,0.0,0.0,0.0,0.0
604,18.03049711221122,0.0,0.0,0.0,0.0
605,31.73557681331477,0.0,0.0,0.0,0.0
606,0.0,0.0,0.0,0.0,0.0
607,0.0,0.0,0.0,0.0,0.0
608,30.413760093586006,0.0,0.0,0.0,0.0
609,21.706051604779663,0.0,0.0,0.0,0.0
610,49.91012181218143,0.0,0.0,0.0,0.0
611,40.408577583812445,0.0,0.0,0.0,0.0
612,72.00042674195623,0.0,0.0,0.0,0.0
613,67.80658608849122,0.0,0.0,0.0,0.0
614,50.36659835538578,0.0,0.0,0.0,0.006056201550387597
615,25.59099085997164,0.0,0.0,0.0,0.0
616,79.13989874082098,0.0,0.0,0.0,0.0
617,0.0,0.0,0.0,0.0,0.0
618,0.0,0.0,0.0,0.0,0.0
619,0.0,0.0,0.0,0.0,0.0
620,0.0,0.0,0.0,0.0,0.0
621,0.0,0.0,0.0,0.0,0.0
622,0.0,0.0,0.0,0.0,0.0
623,0.0,0.0,0.0,0.0,0.0
624,79.97079803530069,0.0,0.0,0.0,0.0
625,23.275484664351854,0.0,0.0,0.0,0.0
626,21.52840124059606,0.0,0.0,0.0,0.0
627,17.80463985557913,0.0,0.0,0.0,0.0
628,0.0,0.0,0.0,0.0,0.0
629,0.0,0.0,0.0,0.0,0.0
630,0.0,0.0,0.0,0.0,0.0
631,24.547125691559412,0.0,0.0,2.2222222222222223,0.0
632,61.063239420634005,0.0,0.0,0.0,0.0
633,0.0,0.0,0.0,0.0,0.0
634,0.0,0.0,0.0,0.0,0.0
635,0.0,0.0,0.0,0.0,0.0
636,9.832955454120572,0.0,0.0,0.0,0.0
637,24.59920713109909,0.0,0.0,0.0,0.0
638,0.0,0.0,0.0,0.0,0.0
639,0.0,0.0,0.0,0.0,0.0
640,0.0,0.0,0.0,0.0,0.0
641,0.0,0.0,0.0,0.0,0.0
642,0.0,0.0,0.0,0.0,0.0
643,0.0,0.0,0.0,0.0,0.0
644,0.0,0.0,0.0,0.0,0.0
645,0.0,0.0,0.0,0.0,0.0
646,0.0,0.0,0.0,0.0,0.0
647,0.0,0.0,0.0,0.0,0.0
648,0.0,0.0,0.0,0.0,0.0
649,0.0,0.0,0.0,0.0,0.0
650,0.0,0.0,0.0,0.0,0.0
651,0.0,0.0,0.0,0.0,0.0
652,0.0,0.0,0.0,0.0,0.0
653,0.0,0.0,0.0,0.0,0.0
654,0.0,0.0,0.0,0.0,0.0
655,0.0,0.0,0.0,0.0,0.0
656,2.4011162583780665,0.0,0.0,0.0,0.0
657,61.870713384029926,0.0,0.0,0.0,0.0
658,28.163053429704064,0.0,0.0,0.0,0.0
659,17.289306674764994,0.0,0.0,0.0,0.0
660,0.0,0.0,0.0,0.0,0.0
661,0.0,0.0,0.0,0.0,0.0
662,0.0,0.0,0.0,0.0,0.0
663,0.0,0.0,0.0,0.0,0.0
664,10.68939173804102,0.0,0.0,0.0,0.0
665,34.956350738791805,0.0,0.0,0.0,0.0
666,20.670721907854016,0.0,0.0,0.0,0.0
667,0.0,0.0,0.0,0.0,0.0
668,20.223400247276015,0.0,0.0,0.0,0.0
669,40.55880920151599,0.0,0.0,0.0,0.0
670,0.0,0.0,0.0,0.0,0.0
671,70.97660554740402,0.0,0.0,0.0,0.0
672,32.90869487028859,0.0,0.0,0.0,0.0
673,45.92247042209981,0.0,0.0,0.0,0.0
674,64.79634864267072,0.0,0.0,0.0,0.0
675,28.648585119912795,0.0,0.0,0.0,0.0
676,0.0,0.0,0.0,0.0,0.0
677,0.0,0.0,0.0,0.0,0.0
678,0.0,0.0,0.004919323101141283,0.0,0.0
679,0.0,0.0,0.0,0.0,0.0
680,0.0,0.0,0.0,0.0,0.0
681,0.0,0.0,0.0,0.0,0.0
682,0.0,0.0,0.0,0.0,0.0
683,0.0,0.0,0.0,0.0,0.011385658914728682
684,42.16327953349316,0.0,0.0,0.0,0.0
685,49.524023737076305,0.0,0.0,0.0,0.0031492248062015503
686,0.0,0.0,0.0,0.0,0.0
687,41.39174855143292,0.0,0.0,0.0,0.0
688,29.406042928001362,0.0,0.0,0.0,0.0
689,74.23285523370195,0.0,0.0,0.0,0.0
690,68.78760114200429,0.0,0.0,0.0,0.0
691,22.499999999999996,0.0,0.0,0.0,0.0
692,56.83303219685638,0.0,0.0,0.0,0.02616279069767442
693,3.2668849995086457,0.0,0.0,0.0,0.0
694,0.0,0.0,0.0,0.0,0.0
695,0.0,0.0,0.0,0.0,0.0
696,0.0,0.0,0.0,0.0,0.0
697,0.0,0.0,0.0,0.0,0.0
698,0.0,0.0,0.0,0.0,0.0
699,0.0,0.0,0.0,0.0,0.0
700,0.0,0.0,0.0,0.0,0.0
701,0.0,0.0,0.0,0.0,0.0
702,0.0,0.0,0.0,0.0,0.0
703,0.0,0.0,0.0,0.0,0.0
704,0.0,0.0,0.0,0.0,0.0
705,0.0,0.0,0.0,0.0,0.0
706,0.0,0.0,0.0,0.0,0.0
707,0.0,0.0,0.0,0.0,0.0
708,0.0,0.0,0.0,0.0,0.0
709,0.0,0.0,0.0,0.0,0.0
710,0.0,0.0,0.0,0.0,0.0
711,0.0,0.0,0.0,0.0,0.0
712,0.0,0.0,0.0,0.0,0.0
713,0.0,0.0,0.0,0.0,0.0
714,0.0,0.0,0.0,0.0,0.0
715,0.0,0.0,0.0,0.0,0.0
716,4.421866799086693,0.0,0.0,0.0,0.0
717,59.4920693277311,0.0,0.0,0.0,0.0
718,21.785327307205915,0.0,0.0,0.0,0.0
719,0.0,0.0,0.0,0.0,0.0
720,0.0,0.0,0.0,0.0,0.0
721,26.21402388606615,0.0,0.0,0.0,0.0
722,0.0,0.0,0.0,0.0,0.0
723,0.0,0.0,0.0,0.0,0.0
724,1.009880626578763,0.0,0.0,0.0,0.0
725,20.374179687500003,0.0,0.0,0.0,0.0
726,17.134611968427215,0.0,0.0,0.0,0.0
727,40.164581133782605,0.0,0.0,0.0,0.0
728,18.167662406062092,0.0,0.0,0.0,0.0
729,31.438298506526095,0.0,0.0,0.0,0.0
730,23.060576786267884,0.0,0.0,0.0,0.0
731,46.062644070673144,0.0,0.0,0.0,0.0
732,13.318538109474176,0.0,0.0,0.0,0.0
733,51.90333070114652,0.0,0.0,0.0,0.0
734,54.2820869538815,0.0,0.0,0.0,0.0
735,74.19501210530599,0.0,0.0,0.0,0.0
736,0.0,0.0,0.0,0.0,0.0
737,0.0,0.0,0.0,0.0,0.0
738,14.263425527730089,0.0,0.0,0.0,0.0
739,0.0,0.0,0.0,0.0,0.0
740,0.0,0.0,0.0,0.0,0.0
741,0.0,0.0,0.0,0.0,0.0
742,0.0,0.0,0.0,0.0,0.0
743,0.0,0.0,0.0,0.0,0.0
744,69.04415703239827,19.607843137254903,0.0,0.0,0.0
745,61.927421764953024,0.0,0.0,0.0,0.0
746,26.08534547188821,0.0,0.0,0.0,0.0
747,0.0,0.0,0.0,0.0,0.0
748,89.91162609413279,0.0,0.0,0.0,0.0
749,75.6317492052736,0.0,0.0,0.0,0.0
750,26.540975791836164,0.0,0.0,0.0,0.0
751,70.79174220135333,0.0,0.0,0.0,0.0
752,29.529374085404648,0.0,0.0,0.0,0.0
753,0.0,0.0,0.0,0.0,0.0
754,0.0,0.0,0.0,0.0,0.0
755,0.0,0.0,0.0,0.0,0.0
756,0.0,0.0,0.0,0.0,0.0
757,0.0,0.0,0.0,0.0,0.0
758,0.0,0.0,0.0,0.0,0.0
759,0.0,0.0,0.0,0.0,0.0
760,0.0,0.0,0.0,0.0,0.0
761,0.0,0.0,0.0,0.0,0.0
762,0.0,0.0,0.0,0.0,0.0
763,0.0,0.0,0.0,0.0,0.0
764,0.0,0.0,0.0,0.0,0.0
765,0.0,0.0,0.0,0.0,0.0
766,0.0,0.0,0.0,0.0,0.0
767,0.0,0.0,0.0,0.0,0.0
768,0.0,0.0,0.0,0.0,0.0
769,0.0,0.0,0.0,0.0,0.0
770,0.0,0.0,0.0,0.0,0.0
771,0.0,0.0,0.0,0.0,0.0
772,0.0,0.0,0.0,0.0,0.0
773,0.0,0.0,0.0,0.0,0.0
774,0.0,0.0,0.0,0.0,0.0
775,0.0,0.0,0.0,0.0,0.0
776,0.0,0.0,0.0,0.0,0.0
777,45.25140643306255,0.0,0.0,0.0,0.0
778,23.539631603424173,0.0,0.0,0.0,0.0
779,0.0,0.0,0.0,0.0,0.0
780,0.0,0.0,0.0,0.0,0.0
781,0.0,0.0,0.0,0.0,0.0
782,0.0,0.0,0.0,0.0,0.0
783,0.0,0.0,0.0,0.0,0.0
784,0.0,0.0,0.0,0.0,0.0
785,13.841576302350688,0.0,0.0,0.0,0.0
786,32.25105872202726,0.0,0.0,0.0,0.0
787,22.795379010344153,0.0,0.0,0.0,0.0
788,0.0,0.0,0.0,0.0,0.0
789,10.31080216430137,0.0,0.0,0.0,0.0
790,9.773277813531267,0.0,0.0,0.0,0.0
791,36.80178788913587,0.0,0.0,0.0,0.0
792,4.792762672953121,0.0,0.0,0.0,0.0
793,31.60788970516303,0.0,0.0,0.0,0.0
794,23.955616822307757,0.0,0.0,0.0,0.0
795,41.466989893123205,0.0,0.0,0.0,0.0
796,0.0,0.0,0.0,0.0,0.0
797,0.0,0.0,0.01967729240456513,0.0,0.0
798,7.209170312220136,0.0,0.007601094557616297,0.0,0.0
799,22.329954102481196,0.0,0.026737967914438502,2.2222222222222223,0.0
800,0.0,0.0,0.0,0.0,0.0
801,0.0,0.0,0.024596615505706416,0.0,0.0
802,0.0,0.0,2.34107997265892,0.0,0.0
803,71.25504579702445,0.0,0.004919323101141283,0.0,0.010174418604651164
804,92.56328768214937,0.0,0.0,0.0,0.0
805,83.405392199726,0.0,0.0,0.0,0.0
806,66.936820172249,0.0,0.0,0.0,0.0
807,0.0,0.0,0.03935458480913026,0.0,0.0
808,0.0,0.0,0.0,0.0,0.0
809,83.23466283637153,0.0,0.024596615505706416,0.0,0.0
810,48.21386993296404,0.0,0.0,0.0,0.0
811,66.12050479497354,0.0,0.0,0.0,0.0
812,29.077023738160555,0.0,0.0,0.0,0.0
813,0.0,0.0,0.0,0.0,0.0
814,0.0,0.0,0.0,0.0,0.0
815,0.0,0.0,0.0,0.0,0.0
816,30.65158665082579,0.0,0.0,0.0,0.0
817,66.09307226359252,0.0,0.0,0.0,0.0
818,0.0,0.0,0.0,0.0,0.0
819,73.79266438076162,0.0,0.0,0.0,0.0
820,0.0,0.0,0.0,0.0,0.0
821,0.0,0.0,0.0,0.0,0.0
822,0.0,0.0,0.0,0.0,0.0
823,0.0,0.0,0.0,0.0,0.0
824,0.0,0.0,0.0,0.0,0.0
825,0.0,0.0,0.0,0.0,0.0
826,0.0,0.0,0.0,0.0,0.0
827,0.0,0.0,0.0,0.0,0.0
828,0.0,0.0,0.0,0.0,0.0
829,0.0,0.0,0.0,0.0,0.0
830,0.0,0.0,0.0,0.0,0.0
831,0.0,0.0,0.0,0.0,0.0
832,0.0,0.0,0.0,0.0,0.0
833,0.0,0.0,0.0,0.0,0.0
834,13.3171569309402,0.0,0.0,0.0,0.0
835,10.179971552952594,0.0,0.0,0.0,0.0
836,12.265312167835873,0.0,0.0,0.0,0.0
837,11.155473802349714,0.0,0.0,0.0,0.0
838,23.733433743787145,0.0,0.0,0.0,0.0
839,14.902765153608255,0.0,0.0,0.0,0.0
840,44.3972915572479,0.0,0.0,0.0,0.0
841,27.118255391274303,0.0,0.0,0.0,0.0
842,0.0,0.0,0.0,0.0,0.0
843,0.0,0.0,0.0,0.0,0.0
844,50.149710968641315,0.0,0.0,0.0,0.0
845,0.0,0.0,0.0,0.0,0.0
846,0.0,0.0,0.0,0.0,0.0
847,54.80495707556467,0.0,0.0,0.0,0.0
848,17.77436560861101,0.0,0.0,0.0,0.0
849,0.0,0.0,0.07728743928825707,0.0,0.0
850,79.49846581616929,0.0,0.0,0.0,0.0
851,36.799410958454956,19.607843137254903,0.02612330198537095,0.0,0.0
852,43.354072424914506,0.0,0.0,0.0,0.0
853,7.94119301325158,0.0,0.15088739942730858,0.0,0.0
854,30.598341010299578,0.0,0.0,0.0,0.0
855,0.0,0.0,0.0,0.0,0.0
856,0.0,0.0,0.0,0.0,0.0
857,0.0,0.0,0.0,0.0,0.0
858,27.022525948460995,0.0,0.061618325442130494,0.0,0.0
859,37.2864974584335,0.0,0.0,2.2222222222222223,0.0
860,36.94683448045315,0.0,0.015202189115232594,0.0,0.0
861,0.0,0.0,0.024596615505706416,0.0,0.0
862,0.0,0.0,0.0,0.0,0.0
863,18.77012282654733,0.0,0.0,0.0,0.0
864,74.18101097565419,0.0,0.004919323101141283,0.0,0.0
865,72.90468458695844,0.0,0.0,0.0,0.0
866,9.29276185022493,0.0,0.05947609702550414,0.0,0.0
867,56.6529003545148,0.0,0.0,0.0,0.0
868,43.02901063335004,0.0,0.0,0.0,0.0
869,81.16883168478809,0.0,0.07788928243473697,0.0,0.0
870,52.30250330677973,0.0,0.004919323101141283,0.0,0.0
871,36.90133950752502,0.0,0.05071991749107736,2.2222222222222223,0.0
872,35.838345342320885,0.0,0.0,0.0,0.0
873,33.77136352238007,0.0,0.0,0.0,0.0
874,19.14923003760518,0.0,0.0,0.0,0.0
875,20.793623666914684,0.0,0.0,0.0,0.0
876,50.52563735139475,0.0,0.0,0.0,0.0
877,47.10562695119206,0.0,0.0,0.0,0.0
878,30.42915040984111,0.0,0.0,0.0,0.010416666666666666
879,0.0,0.0,0.0,0.0,0.0
880,0.0,0.0,0.0,0.0,0.0
881,0.0,0.0,0.0,0.0,0.0
882,0.0,0.0,0.0,0.0,0.0
883,0.0,0.0,0.0,0.0,0.0
884,0.0,0.0,0.0,0.0,0.0
885,0.0,0.0,0.0,0.0,0.0
886,0.0,0.0,0.0,0.0,0.0
887,0.0,0.0,0.0,0.0,0.0
888,0.0,0.0,0.0,0.0,0.0
889,0.0,0.0,0.0,0.0,0.0
890,0.0,0.0,0.0,0.0,0.0
891,0.0,0.0,0.0,0.0,0.0
892,0.0,0.0,0.0,0.0,0.0
893,0.0,0.0,0.0,0.0,0.0
894,22.92780819352105,0.0,0.0,0.0,0.0
895,22.21597510365664,0.0,0.0,0.0,0.0
896,58.82195561737944,0.0,0.0,0.0,0.0
897,48.773473118502544,0.0,0.0,0.0,0.0
898,13.051620643867457,0.0,0.0,0.0,0.0
899,21.325900833268484,0.0,0.0,0.0,0.0
900,37.94785912829255,0.0,0.0,0.0,0.0
901,41.95189722660867,0.0,0.0,0.0,0.0
902,0.0,0.0,0.0,0.0,0.0
903,32.3298255777947,0.0,0.0,0.0,0.0
904,0.0,0.0,0.0,0.0,0.0
905,0.0,0.0,0.0,0.0,0.0
906,22.004697631203396,0.0,0.0,0.0,0.0
907,44.19715230099599,0.0,0.020121512216373875,0.0,0.0
908,18.95718106396914,0.0,0.0,0.0,0.0
909,19.053212614833846,0.0,0.0,0.0,0.0
910,35.483172598984524,0.0,0.0,0.0,0.0
911,35.88579767298595,0.0,0.004919323101141283,0.0,0.0
912,74.50901270779696,0.0,0.0,0.0,0.0
913,78.01579621540752,0.0,0.24525528989206238,0.0,0.0
914,26.677527496379827,0.0,0.0,0.0,0.0
915,0.0,0.0,0.0,0.0,0.0
916,0.0,0.0,0.0,0.0,0.0
917,19.227031493534408,0.0,0.0,0.0,0.0
918,69.0637100985009,0.0,0.024596615505706416,0.0,0.010901162790697675
919,23.755444018871753,0.0,0.0,0.0,0.0
920,89.18494338875375,0.0,0.007601094557616297,0.0,0.0
921,74.7945174433538,0.0,0.0,0.0,0.0
922,0.0,0.0,0.0,0.0,0.0
923,29.084669311590382,0.0,0.007601094557616297,0.0,0.0
924,90.87050818541574,0.0,0.0,0.0,0.0
925,79.78485068914883,0.0,0.007601094557616297,0.0,0.0
926,77.10881053530306,0.0,0.0,0.0,0.0
927,44.27040392606231,0.0,0.710496683816842,0.0,0.03221899224806202
928,84.91739520619778,0.0,1.4851367828378692,0.0,0.0
929,34.99889800283684,19.607843137254903,7.510748307838261,0.0,0.0
930,56.76379802611715,0.0,0.0,0.0,0.0
931,33.14902972867908,0.0,0.0,0.0,0.0
932,87.08586083530179,0.0,0.0,0.0,0.014050387596899225
933,41.744721093749995,0.0,0.0,0.0,0.0
934,41.37310233055177,0.0,0.0,0.0,0.0
935,64.59045998036697,0.0,0.0,0.0,0.0
936,64.74344268130395,0.0,0.0,0.0,0.0
937,75.90935099636052,0.0,0.0,0.0,0.0
938,35.702871582510284,0.0,0.0,0.0,0.0
939,17.75070588667268,0.0,0.0,0.0,0.0
940,0.0,0.0,0.0,0.0,0.0
941,0.0,0.0,0.0,0.0,0.0
942,0.0,0.0,0.0,0.0,0.0
943,0.0,0.0,0.0,0.0,0.0
944,0.0,0.0,0.0,0.0,0.0
945,0.0,0.0,0.0,0.0,0.0
946,0.0,0.0,0.0,0.0,0.0
947,0.0,0.0,0.0,0.0,0.0
948,0.0,0.0,0.0,0.0,0.0
949,76.70213759841586,0.0,0.0,0.0,0.0
950,27.943735344605592,0.0,0.0,0.0,0.0
951,11.27087346844612,0.0,0.0,0.0,0.0
952,0.0,0.0,0.0,0.0,0.0
953,30.960494406731996,0.0,0.0,0.0,0.0
954,30.621419104703808,0.0,0.0,0.0,0.0
955,80.74170339479467,0.0,0.0,0.0,0.0
956,57.038342075883655,0.0,0.0,0.0,0.0
957,38.23066178062643,0.0,0.0,0.0,0.0
958,22.063303395626722,0.0,0.0,0.0,0.0
959,24.85119795710403,0.0,0.0,0.0,0.0
960,40.683845300881636,0.0,0.0,0.0,0.0
961,24.89831656039495,0.0,0.0,0.0,0.0
962,23.484975104866436,0.0,0.0,0.0,0.0
963,60.90977606960954,0.0,0.0,0.0,0.0
964,54.14034524431758,0.0,0.0,0.0,0.0
965,37.39207656358554,0.0,0.0,0.0,0.0
966,57.113609364091886,0.0,0.0,0.0,0.0
967,10.806942414314513,0.0,0.0,0.0,0.0
968,33.09562491412139,0.0,0.0,0.0,0.0
969,6.135775812716404,19.607843137254903,0.0,0.0,0.0
970,54.42762660787564,0.0,0.0,0.0,0.0
971,52.820195333520516,0.0,0.004919323101141283,0.0,0.0
972,73.20175951921048,0.0,0.0,0.0,0.0
973,45.38428064496702,0.0,0.07647161797359425,0.0,0.0
974,10.96311600180786,0.0,0.0,0.0,0.0
975,0.0,0.0,0.0,0.0,0.0
976,0.0,0.0,0.015202189115232594,0.0,0.0
977,0.0,0.0,0.0,0.0,0.0
978,84.02434388912539,0.0,0.0,0.0,0.0
979,24.346167274144438,0.0,0.0,0.0,0.0
980,37.07709766673847,0.0,0.2029383208219711,2.2222222222222223,0.0
981,85.17781971155664,0.0,0.014757969303423851,0.0,0.0
982,0.0,0.0,0.0,0.0,0.0
983,78.65528868410254,0.0,0.06004460456338995,0.0,0.0
984,85.65209967960621,0.0,0.04149593721786236,0.0,0.0
985,0.0,0.0,0.0,0.0,0.0
986,43.93008674623895,0.0,0.055544027887035274,0.0,0.008478682170542635
987,87.00206423461594,0.0,0.01743974075989886,0.0,0.0
988,28.06559297718313,19.607843137254903,0.13434841021047916,0.0,0.0
989,70.23305316053761,0.0,0.2272727272727273,0.0,0.0
990,26.042690805288473,0.0,1.1363636363636365,0.0,0.006298449612403101
991,12.015242807837012,0.0,0.0,0.0,0.0
992,29.298671964769518,0.0,0.0,0.0,0.0
993,70.25691666666667,0.0,0.0,0.0,0.0
994,35.91270793333934,0.0,0.0,0.0,0.0
995,11.3293376074179,0.0,0.0,0.0,0.0
996,46.15965323574558,0.0,0.0,0.0,0.0
997,48.11322762954523,0.0,0.0,0.0,0.0
998,24.34091052880113,0.0,0.0,0.0,0.0
999,47.40240161175557,0.0,0.0,0.0,0.0
1000,0.0,0.0,0.0,0.0,0.0
1001,0.0,0.0,0.0,0.0,0.0
1002,0.0,0.0,0.0,0.0,0.0
1003,0.0,0.0,0.0,0.0,0.0
1004,0.0,0.0,0.0,0.0,0.0
1005,0.0,0.0,0.0,0.0,0.0
1006,0.0,0.0,0.0,0.0,0.0
1007,3.0992289733295375,0.0,0.0,0.0,0.0
1008,28.20239344649339,0.0,0.0,0.0,0.0
1009,76.17782553532409,0.0,0.0,0.0,0.0
1010,22.583957649180377,0.0,0.0,0.0,0.0
1011,12.828963439119578,0.0,0.0,0.0,0.0
1012,41.382428474707936,0.0,0.0,0.0,0.0
1013,0.0,0.0,0.0,0.0,0.0
1014,0.0,0.0,0.0,0.0,0.0
1015,0.0,0.0,0.0,0.0,0.0
1016,0.0,0.0,0.0,0.0,0.0
1017,0.0,0.0,0.0,0.0,0.0
1018,13.592635367754468,0.0,0.0,0.0,0.0
1019,15.128462778185058,0.0,0.0,0.0,0.0
1020,18.261458867654856,0.0,0.0,0.0,0.0
1021,0.0,0.0,0.0,0.0,0.0
1022,19.062380515300692,0.0,0.0,0.0,0.0
1023,13.501874134873981,0.0,0.0,0.0,0.0
1024,0.0,0.0,0.0,0.0,0.0
1025,32.09233737855226,0.0,0.0,0.0,0.0
1026,59.05745970031624,19.607843137254903,0.0,0.0,0.0024224806201550387
1027,26.957575733712112,0.0,0.0,0.0,0.0
1028,40.19979088835414,0.0,0.0,0.0,0.0
1029,11.274178284769443,0.0,0.0,0.0,0.0
1030,37.314564962326024,0.0,0.31350283215954855,0.0,0.0
1031,26.4287353346636,0.0,0.09685570967430036,0.0,0.0
1032,42.58272778522285,0.0,0.007601094557616297,0.0,0.0
1033,27.93895276880255,0.0,0.0,0.0,0.0
1034,0.0,0.0,0.0,0.0,0.0
1035,0.0,0.0,0.0,0.0,0.0
1036,8.561907102551626,0.0,0.39496585888338465,0.0,0.0
1037,3.3956932664800044,0.0,0.0,0.0,0.0
1038,63.295103976990895,0.0,0.0522466039707419,0.0,0.0
1039,0.0,0.0,0.0,0.0,0.0
1040,0.0,0.0,0.22281053572460355,0.0,0.0
1041,26.735371140170784,0.0,0.13263129832044787,0.0,0.0
1042,0.0,0.0,0.0,0.0,0.0
1043,72.77532648359266,0.0,0.0,0.0,0.0
1044,76.97597404377613,0.0,0.0,0.0,0.0
1045,47.20116590786579,0.0,0.0,0.0,0.0
1046,69.27373058426437,0.0,0.0,0.0,0.0
1047,49.09739204185617,0.0,0.0,0.0,0.0
1048,43.26601822916667,0.0,0.012520417658757579,0.0,0.0
1049,40.99292899191763,19.607843137254903,0.004919323101141283,0.0,0.0
1050,45.84871441023299,19.607843137254903,6.3087964163777235,0.0,0.0
1051,35.12088210505853,0.0,1.9325054747103105,2.2222222222222223,0.0
1052,24.421496206178883,19.607843137254903,0.13657460939560281,0.0,0.0
1053,0.0,0.0,0.0,0.0,0.0
1054,0.0,0.0,0.0,0.0,0.0
1055,0.0,0.0,0.0,0.0,0.0
1056,44.633848859501114,0.0,0.0,0.0,0.0
1057,47.14190047842499,0.0,0.0,0.0,0.0
1058,40.82234865589543,0.0,0.0,0.0,0.0
1059,27.173254125029047,0.0,0.0,0.0,0.0
1060,71.0693697279778,0.0,0.0,0.0,0.0
1061,45.8603465344845,0.0,0.0,0.0,0.0
1062,0.0,0.0,0.0,0.0,0.0
1063,0.0,0.0,0.0,0.0,0.0
1064,0.0,0.0,0.0,0.0,0.0
1065,6.302424110141603,0.0,0.0,0.0,0.0
1066,0.0,0.0,0.0,0.0,0.0
1067,27.40802823156652,0.0,0.0,0.0,0.0
1068,29.868585786683145,0.0,0.0,0.0,0.0
1069,60.944417168141676,0.0,0.0,0.0,0.0
1070,25.258840433593623,0.0,0.0,0.0,0.0
1071,24.399407137052588,0.0,0.0,0.0,0.0
1072,12.535718959410724,0.0,0.0,0.0,0.0
1073,0.0,0.0,0.0,0.0,0.0
1074,0.0,0.0,0.0,0.0,0.0
1075,0.0,0.0,0.0,0.0,0.0
1076,0.0,0.0,0.0,0.0,0.0
1077,0.0,0.0,0.0,0.0,0.0
1078,12.537151672092806,0.0,0.0,0.0,0.0
1079,32.751658621323685,0.0,0.0,0.0,0.0
1080,0.0,0.0,0.0,0.0,0.0
1081,27.480133697267263,0.0,0.0,0.0,0.0
1082,0.0,0.0,0.0,0.0,0.0
1083,0.0,0.0,0.0,0.0,0.0
1084,40.976232201818505,0.0,0.0,0.0,0.0
1085,78.27438944125622,0.0,0.0,0.0,0.0
1086,27.9983573896865,0.0,0.0,0.0,0.0
1087,31.367248248738633,0.0,0.0,0.0,0.0
1088,54.62063089936815,0.0,0.007601094557616297,0.0,0.0
1089,34.979560414107006,0.0,0.0,0.0,0.0
1090,36.20224366582045,0.0,0.0,0.0,0.0
1091,29.63045597273264,0.0,0.0,0.0,0.001937984496124031
1092,0.0,0.0,0.0,0.0,0.0
1093,17.082690149935186,0.0,0.024596615505706416,0.0,0.0
1094,30.680221294225106,0.0,0.0,0.0,0.0
1095,0.0,0.0,0.0,0.0,0.0
1096,8.992054828000862,0.0,0.015202189115232594,0.0,0.00872093023255814
1097,63.67055178609134,0.0,0.03596194818765351,0.0,0.0
1098,0.0,0.0,0.0,0.0,0.0
1099,24.344576950671904,0.0,0.0,0.0,0.0
1100,76.2946249689452,0.0,0.0,0.0,0.0
1101,40.90334932730882,0.0,0.02612330198537095,0.0,0.015746124031007752
1102,84.44301662868924,19.607843137254903,0.0,0.0,0.0
1103,86.1660764416946,0.0,0.01743974075989886,0.0,0.0
1104,5.681815363619746,0.0,0.0,0.0,0.0
1105,39.80761166240671,0.0,0.01466275659824047,0.0,0.0
1106,49.45847545854033,0.0,0.26645926877629206,0.0,0.0
1107,68.34281092409937,0.0,0.17744463874771155,0.0,0.0
1108,48.28240563577742,0.0,0.49323055845879404,0.0,0.0
1109,75.03141553709165,0.0,0.4971054276167116,2.2222222222222223,0.0
1110,0.0,19.607843137254903,2.3352955650825025,0.0,0.0
1111,33.8712145682142,0.0,0.0,0.0,0.0
1112,27.54160165439743,0.0,0.0,0.0,0.0
1113,44.12360324098508,39.21568627450981,0.0,0.0,0.0
1114,0.0,0.0,0.0,0.0,0.0
1115,0.0,0.0,0.0,0.0,0.0
1116,44.19633042099838,0.0,0.0,0.0,0.0
1117,38.04115755370617,0.0,0.0,0.0,0.0
1118,65.65370382660801,0.0,0.0,0.0,0.0
1119,25.800534447281287,0.0,0.0,0.0,0.0
1120,44.214799517066915,0.0,0.0,0.0,0.0
1121,82.08043779493256,0.0,0.0,0.0,0.0
1122,0.0,0.0,0.0,0.0,0.0
1123,0.0,0.0,0.0,0.0,0.0
1124,0.0,0.0,0.0,0.0,0.0
1125,3.361556728155868,0.0,0.0,0.0,0.0
1126,3.798008783569473,0.0,0.0,0.0,0.0
1127,22.282182352196,0.0,0.0,0.0,0.0
1128,36.207649448939726,0.0,0.0,0.0,0.0
1129,64.5830939614782,0.0,0.0,0.0,0.0
1130,36.93427253918116,0.0,0.0,0.0,0.0
1131,43.83678436364047,0.0,0.0,0.0,0.0
1132,34.61828127490395,0.0,0.0,0.0,0.0
1133,0.0,0.0,0.0,0.0,0.0
1134,0.0,0.0,0.0,0.0,0.0
1135,0.0,0.0,0.0,0.0,0.0
1136,0.0,0.0,0.0,0.0,0.0
1137,0.0,0.0,0.0,0.0,0.0
1138,0.0,0.0,0.0,0.0,0.0
1139,35.664867438677994,0.0,0.0,0.0,0.0
1140,32.837147446400806,0.0,0.0,0.0,0.0
1141,42.692766773538004,0.0,0.0,0.0,0.0
1142,90.4524448402713,0.0,0.0,0.0,0.0
1143,56.829755798339846,0.0,0.0,0.0,0.0
1144,28.918902566852147,0.0,0.0,0.0,0.0
1145,25.331483507837792,0.0,0.0,0.0,0.0
1146,53.18972959044815,0.0,0.0,0.0,0.0
1147,25.522432359741988,0.0,0.0,0.0,0.015988372093023256
1148,40.42190476094396,0.0,0.0,0.0,0.0
1149,66.98737073051232,0.0,0.015202189115232594,0.0,0.0048449612403100775
1150,79.01448451910409,19.607843137254903,0.16238182963485526,0.0,0.0
1151,18.605228215384972,0.0,0.0,0.0,0.0
1152,42.848372601098916,0.0,1.1511216056670601,0.0,0.0
1153,35.39551278272685,0.0,0.004919323101141283,0.0,0.0
1154,77.28329477811087,0.0,0.0,0.0,0.0
1155,49.16492608460806,0.0,0.0,0.0,0.0
1156,26.949264359399493,0.0,0.0,0.0,0.0
1157,84.70807802949408,0.0,2.157174069399775,0.0,0.0
1158,84.2872632485793,0.0,0.0,0.0,0.0
1159,24.125260116889415,0.0,1.7045454545454544,0.0,0.0
1160,81.630506517882,0.0,0.0587652318605024,0.0,0.0
1161,50.64707908140842,0.0,0.02718317425699805,2.2222222222222223,0.0
1162,76.4150557038923,0.0,0.15097474441151948,0.0,0.0
1163,30.40787678780572,0.0,0.7624950806768988,0.0,0.003875968992248062
1164,4.3614383389023015,0.0,0.015202189115232594,0.0,0.0
1165,24.803861002814653,0.0,0.014757969303423851,0.0,0.0
1166,43.67688661820295,0.0,0.10251382818126135,0.0,0.0
1167,81.09183741748176,0.0,0.03692660775409723,0.0,0.0
1168,88.23062271603985,0.0,0.029960158418656443,2.2222222222222223,0.0
1169,25.151630384350256,0.0,0.01466275659824047,0.0,0.0
1170,75.03340639529453,0.0,0.01466275659824047,0.0,0.0
1171,56.25698570281621,0.0,0.0,0.0,0.0
1172,34.15181412760416,0.0,0.0,0.0,0.0
1173,39.39682804862939,0.0,0.47163362952836635,0.0,0.0
1174,0.0,0.0,0.0,0.0,0.0
1175,0.0,0.0,0.0,0.0,0.0
1176,31.50017355262381,0.0,0.0,0.0,0.0
1177,30.412929694950453,0.0,0.0,0.0,0.0
1178,60.168671586149216,0.0,0.0,0.0,0.0
1179,3.0551669560369143,0.0,0.0,0.0,0.0
1180,61.878851885430684,0.0,0.0,0.0,0.0
1181,0.0,0.0,0.0,0.0,0.0
1182,59.07454978163674,0.0,0.0,0.0,0.0
1183,0.0,0.0,0.0,0.0,0.0
1184,0.0,0.0,0.0,0.0,0.0
1185,0.0,0.0,0.0,0.0,0.0
1186,0.0,0.0,0.0,0.0,0.0
1187,27.056703120771587,0.0,0.0,0.0,0.0
1188,30.062364651864037,0.0,0.0,0.0,0.0
1189,50.31909655372198,0.0,0.0,0.0,0.0
1190,26.076757562113674,0.0,0.0,0.0,0.0
1191,22.29347181283774,0.0,0.0,0.0,0.0
1192,27.299973268944854,0.0,0.0,0.0,0.0
1193,0.0,0.0,0.0,0.0,0.0
1194,0.0,0.0,0.0,0.0,0.0
1195,0.0,0.0,0.0,0.0,0.0
1196,0.0,0.0,0.0,0.0,0.0
1197,0.0,0.0,0.0,0.0,0.0
1198,0.0,0.0,0.0,0.0,0.0
1199,0.0,0.0,0.0,0.0,0.0
1200,0.0,0.0,0.0,0.0,0.015261627906976744
1201,2.8147422804584155,0.0,0.0,0.0,0.0
1202,15.116856215128893,0.0,0.0,0.0,0.0
1203,20.400677944214873,0.0,0.0,0.0,0.0
1204,22.38574761828468,0.0,0.0,0.0,0.0
1205,0.0,0.0,0.0,0.0,0.0
1206,19.03937967088546,0.0,0.0,0.0,0.0
1207,14.246592994070683,0.0,0.0,0.0,0.0
1208,31.301983659771125,0.0,0.7575757575757575,0.0,0.0
1209,50.29655220123921,0.0,0.0,0.0,0.0
1210,50.72545397971056,0.0,0.0,0.0,0.0
1211,30.85378313150794,19.607843137254903,5.962517070280027,0.0,0.0
1212,34.63294862350181,0.0,0.032641929875131453,0.0,0.015019379844961241
1213,16.23969752256943,0.0,0.0,0.0,0.0
1214,39.24883526106632,0.0,0.004919323101141283,0.0,0.0
1215,50.94182702850878,0.0,0.0,0.0,0.0
1216,50.59036494048785,0.0,0.0,0.0,0.0
1217,0.0,0.0,0.0,0.0,0.0
1218,60.04690605332843,0.0,0.0,2.2222222222222223,0.0
1219,42.14315505095989,0.0,0.0,0.0,0.0
1220,54.194382910979954,19.607843137254903,0.2574445756263938,0.0,0.0
1221,93.4452790580844,0.0,0.08496475378869957,0.0,0.0
1222,89.87051002673728,0.0,0.3746555849765608,0.0,0.0
1223,35.168391395705626,0.0,0.01743974075989886,0.0,0.0
1224,94.39577254794538,0.0,0.20456358828221058,0.0,0.0
1225,65.2082542215307,0.0,0.0,0.0,0.0
1226,90.36259912884425,0.0,0.32959464777646597,2.2222222222222223,0.0
1227,25.909877959794013,0.0,0.05874623909814526,0.0,0.00993217054263566
1228,29.695003162836787,0.0,0.04848236584641111,0.0,0.0
1229,36.05013028110575,0.0,0.0,0.0,0.0
1230,82.98962925502232,0.0,0.04890759289586269,0.0,0.0
1231,74.61998841359349,0.0,0.04292479588922276,0.0,0.0
1232,54.92450164785107,0.0,0.0,0.0,0.0
1233,15.691061619332835,58.8235294117647,0.0,0.0,0.0
1234,32.66073377884574,0.0,0.0,0.0,0.0
1235,76.33178488625927,0.0,0.0,0.0,0.0
1236,33.54887322691176,0.0,0.0,0.0,0.0
1237,49.81517292594645,0.0,0.0,0.0,0.0
1238,73.4276944473002,0.0,0.0,0.0,0.0
1239,44.48004952187403,0.0,0.0,0.0,0.0
1240,68.56066734904942,0.0,0.0,0.0,0.0
1241,0.0,0.0,0.0,0.0,0.0
1242,0.0,0.0,0.0,0.0,0.0
1243,21.453629189491863,0.0,0.0,0.0,0.0
1244,11.939027895219079,0.0,0.0,0.0,0.0
1245,0.0,0.0,0.0,0.0,0.0
1246,0.0,0.0,0.0,0.0,0.0
1247,0.0,0.0,0.0,0.0,0.0
1248,0.0,0.0,0.0,0.0,0.0
1249,21.29754191342763,0.0,0.0,0.0,0.0
1250,46.4588026071739,0.0,0.0,0.0,0.0
1251,8.095339194495176,0.0,0.0,0.0,0.0
1252,10.485929278637373,0.0,0.0,0.0,0.0
1253,0.0,0.0,0.0,0.0,0.0
1254,0.0,0.0,0.0,0.0,0.0
1255,0.0,0.0,0.0,0.0,0.0
1256,0.0,0.0,0.0,0.0,0.0
1257,0.0,0.0,0.0,0.0,0.0
1258,0.0,0.0,0.0,0.0,0.0
1259,0.0,0.0,0.0,0.0,0.0
1260,55.6337599355119,0.0,0.0,0.0,0.0
1261,18.967433626129772,0.0,0.0,0.0,0.0
1262,11.176092151904548,0.0,0.0,0.0,0.0
1263,0.0,0.0,0.0,0.0,0.0
1264,33.27846838209062,0.0,0.0,0.0,0.0
1265,76.76943377048853,0.0,0.0,0.0,0.0
1266,11.97565267465459,0.0,0.02612330198537095,0.0,0.0
1267,13.29449783605654,0.0,0.0,0.0,0.0
1268,24.662552704303753,0.0,0.0,0.0,0.0
1269,43.30505887168027,0.0,0.0,0.0,0.0
1270,33.935834475451855,0.0,0.0,0.0,0.0
1271,33.336133368017244,0.0,0.0,0.0,0.0
1272,33.789874924879804,0.0,0.03884062567916028,0.0,0.0
1273,44.22858180726076,19.607843137254903,0.02932551319648094,0.0,0.0
1274,50.73060318663008,0.0,0.0,0.0,0.0
1275,14.75669783775253,0.0,0.0,0.0,0.0
1276,36.121811344305655,0.0,0.0,0.0,0.0
1277,81.81018283990772,0.0,0.7167291355420897,0.0,0.0
1278,96.11464444752023,0.0,0.23590030707655268,2.2222222222222223,0.0
1279,46.178113352574144,0.0,0.08211154968421497,0.0,0.0
1280,36.478848898615944,0.0,0.0,0.0,0.0
1281,94.05978636027393,0.0,0.007601094557616297,0.0,0.0
1282,95.78572697539435,0.0,0.09406994042975171,4.444444444444445,0.0
1283,91.59027335019351,0.0,0.15221337801982965,0.0,0.0
1284,94.44181438964753,0.0,0.23099322536341035,2.2222222222222223,0.0
1285,6.89165289942244,0.0,0.007601094557616297,0.0,0.0
1286,75.18496718094025,0.0,0.040786058583611416,0.0,0.0
1287,35.18942332049654,0.0,0.06063986526863902,0.0,0.0031492248062015503
1288,66.28031759171027,0.0,0.0,0.0,0.0
1289,81.07457798076526,0.0,0.0,0.0,0.0
1290,42.50986602468152,0.0,0.0,0.0,0.0
1291,81.63777216949019,0.0,0.0663663264181187,0.0,0.0
1292,74.97955100676342,0.0,0.007601094557616297,0.0,0.0
1293,81.4593432242269,0.0,0.0,0.0,0.003633720930232558
1294,56.87631235318462,0.0,0.0,0.0,0.0
1295,72.12658912730633,0.0,0.0,0.0,0.0
1296,33.20060361115343,0.0,0.0,0.0,0.0
1297,43.58757540802382,0.0,0.0,0.0,0.0
1298,35.95107884835272,0.0,0.0,0.0,0.0
1299,19.251177915510276,0.0,0.0,0.0,0.0
1300,12.825564500762198,0.0,0.0,0.0,0.0
1301,0.0,0.0,0.0,0.0,0.0
1302,0.0,0.0,0.0,0.0,0.0
1303,15.817014694557862,0.0,0.0,0.0,0.0
1304,21.850077029241643,0.0,0.0,0.0,0.0
1305,9.239131509532129,0.0,0.0,0.0,0.0
1306,0.0,0.0,0.0,0.0,0.0
1307,0.0,0.0,0.0,0.0,0.0
1308,0.0,0.0,0.0,0.0,0.0
1309,0.0,0.0,0.0,0.0,0.0
1310,0.0,0.0,0.0,0.0,0.0
1311,0.0,0.0,0.0,0.0,0.0
1312,0.0,0.0,0.0,0.0,0.0
1313,0.0,0.0,0.0,0.0,0.0
1314,0.0,0.0,0.0,0.0,0.0
1315,0.0,0.0,0.0,0.0,0.0
1316,0.0,0.0,0.0,0.0,0.0
1317,0.0,0.0,0.0,0.0,0.0
1318,0.0,0.0,0.0,0.0,0.0
1319,0.0,0.0,0.0,0.0,0.0
1320,0.0,0.0,0.0,0.0,0.0
1321,18.47968738763248,0.0,0.0,0.0,0.0
1322,24.65233872528939,0.0,0.0,0.0,0.0
1323,0.0,0.0,0.0,0.0,0.0
1324,11.826528844914218,0.0,0.0,0.0,0.0
1325,25.028648803413933,0.0,0.0,0.0,0.0
1326,78.21864679262643,0.0,0.0,0.0,0.0
1327,24.017902892312883,0.0,0.004919323101141283,0.0,0.0
1328,14.73082779617263,0.0,0.0522466039707419,0.0,0.0
1329,23.09793668336557,0.0,0.01967729240456513,0.0,0.0
1330,24.96703398713336,0.0,0.0,0.0,0.0
1331,48.41077190771143,0.0,0.09309392840376539,0.0,0.0
1332,59.242859604500374,0.0,1.3841980258144186,0.0,0.0
1333,52.13556531782121,0.0,0.0729699593335957,0.0,0.0
1334,29.720241073068344,0.0,0.015202189115232594,0.0,0.0
1335,44.23362691505328,0.0,0.0,0.0,0.0
1336,34.46788788713728,0.0,0.0,0.0,0.0
1337,44.13672667453699,0.0,0.0,0.0,0.0
1338,29.854050148863564,0.0,0.27980832095568164,0.0,0.031007751937984496
1339,84.14558841928101,0.0,0.4881088131882896,0.0,0.004602713178294574
1340,11.96825358072916,0.0,0.0,0.0,0.0
1341,94.44954130704484,0.0,0.12083148927116974,2.2222222222222223,0.0
1342,63.04242374282734,0.0,0.12520766769859082,0.0,0.0
1343,79.17343677647486,0.0,0.022359063861040144,0.0,0.05377906976744186
1344,89.11103499070555,0.0,0.4914720622995518,0.0,0.0
1345,28.1080063133909,0.0,0.0,0.0,0.0
1346,25.882350113760566,0.0,0.0,0.0,0.0
1347,93.42385731655321,0.0,0.007601094557616297,0.0,0.0
1348,78.30641737577166,19.607843137254903,0.1537935748462064,0.0,0.0
1349,73.67074172188634,0.0,0.19892026946544783,0.0,0.0
1350,48.45663085623404,0.0,0.0,0.0,0.0
1351,76.89490419013858,0.0,0.007601094557616297,0.0,0.0
1352,64.33308658964202,0.0,0.0,0.0,0.0
1353,82.31175930803843,0.0,0.0,0.0,0.01695736434108527
1354,0.0,0.0,0.0,0.0,0.0
1355,69.99172420175384,0.0,0.0,0.0,0.0
1356,41.45417123378961,0.0,0.0,0.0,0.0
1357,89.92479733381829,0.0,0.0,0.0,0.0
1358,15.277500047633097,0.0,0.0,0.0,0.0
1359,61.11529692606209,0.0,0.0,0.0,0.0
1360,19.37170941796128,0.0,0.0,0.0,0.0
1361,30.569879004141555,0.0,0.0,0.0,0.0
1362,0.0,0.0,0.0,0.0,0.0
1363,0.0,0.0,0.0,0.0,0.0
1364,55.03665447515229,0.0,0.0,0.0,0.0
1365,14.549313211920678,0.0,0.0,0.0,0.0
1366,0.0,0.0,0.0,0.0,0.0
1367,0.0,0.0,0.0,0.0,0.0
1368,0.0,0.0,0.0,0.0,0.0
1369,0.0,0.0,0.0,0.0,0.0
1370,0.0,0.0,0.0,0.0,0.0
1371,0.0,0.0,0.0,0.0,0.0
1372,0.0,0.0,0.0,0.0,0.0
1373,0.0,0.0,0.0,0.0,0.0
1374,0.0,0.0,0.0,0.0,0.0
1375,0.0,0.0,0.0,0.0,0.0
1376,13.975826902365629,0.0,0.0,0.0,0.0
1377,9.18622331282064,0.0,0.0,0.0,0.0
1378,0.0,0.0,0.0,0.0,0.0
1379,0.0,0.0,0.0,0.0,0.0
1380,31.447328913048768,0.0,0.0,0.0,0.0
1381,40.05468799260221,0.0,0.0,0.0,0.0
1382,0.0,0.0,0.0,0.0,0.0
1383,25.879358179219146,0.0,0.0,0.0,0.0
1384,51.48782839818315,0.0,0.0,0.0,0.0
1385,32.952327513193595,0.0,0.0,0.0,0.0
1386,39.46257754342432,0.0,0.0,0.0,0.0
1387,27.49937237496537,0.0,0.0,0.0,0.0
1388,72.07671614608583,0.0,0.0,0.0,0.0
1389,21.839912073309954,0.0,0.0,0.0,0.0
1390,44.13143111955302,0.0,0.004919323101141283,0.0,0.0
1391,70.81956103428067,0.0,0.028349501170494607,0.0,0.0
1392,27.80159595635142,0.0,0.0,0.0,0.0
1393,24.640259795618448,19.607843137254903,0.04398826979472141,0.0,0.0
1394,74.5042929758526,0.0,0.0,0.0,0.0
1395,78.13673761861973,0.0,0.03487948151979772,2.2222222222222223,0.0
1396,0.0,0.0,0.01466275659824047,0.0,0.0
1397,62.93834770099199,0.0,0.0,2.2222222222222223,0.0
1398,49.731298374613495,0.0,1.5668257331316906,0.0,0.0
1399,27.49484780153543,0.0,1.632934349422493,4.444444444444445,0.0
1400,88.5307780113217,0.0,0.20783947678299497,0.0,0.0
1401,92.5763152296943,0.0,0.03424483629762222,0.0,0.0
1402,55.55519240172029,19.607843137254903,0.7082061791396138,2.2222222222222223,0.0
1403,80.35417740655939,0.0,0.08058486320455042,0.0,0.0
1404,76.2629521942306,0.0,0.015202189115232594,0.0,0.0
1405,0.0,0.0,0.0,0.0,0.0
1406,22.8336999753498,0.0,0.5731011412829594,0.0,0.008478682170542635
1407,76.21462283034317,0.0,0.019582079699381753,0.0,0.0
1408,51.60541086608751,0.0,0.06835269993164729,0.0,0.0
1409,72.3363237355239,0.0,0.0,0.0,0.0
1410,25.853131119464546,0.0,0.0,0.0,0.0
1411,74.2112631489405,19.607843137254903,0.0,0.0,0.00993217054263566
1412,77.25075343257816,0.0,0.0,0.0,0.0
1413,80.83709329183337,0.0,0.0,0.0,0.0
1414,19.930248720892806,0.0,0.0,0.0,0.0
1415,12.628579661110805,0.0,0.0,0.0,0.0
1416,0.0,0.0,0.0,0.0,0.0
1417,0.0,0.0,0.0,0.0,0.0
1418,0.0,0.0,0.0,0.0,0.0
1419,32.14220210380395,0.0,0.0,0.0,0.0
1420,12.86342471231987,0.0,0.0,0.0,0.0
1421,18.065435692380692,0.0,0.0,0.0,0.0
1422,0.0,0.0,0.0,0.0,0.0
1423,0.0,0.0,0.0,0.0,0.0
1424,25.658427795560478,0.0,0.0,0.0,0.0
1425,16.537341125141957,0.0,0.0,0.0,0.0
1426,0.0,0.0,0.0,0.0,0.0
1427,0.0,0.0,0.0,0.0,0.0
1428,0.0,0.0,0.0,0.0,0.0
1429,4.541713319277019,0.0,0.0,0.0,0.0
1430,23.901817050007235,0.0,0.0,0.0,0.0
1431,0.0,0.0,0.0,0.0,0.0
1432,0.0,0.0,0.0,0.0,0.0
1433,0.0,0.0,0.0,0.0,0.0
1434,0.0,0.0,0.0,0.0,0.0
1435,26.372988853079203,0.0,0.0,0.0,0.0
1436,30.42767517089844,0.0,0.0,0.0,0.0
1437,20.219619187308403,0.0,0.0,0.0,0.0
1438,11.810169137422966,0.0,0.0,0.0,0.0
1439,45.81838322515227,0.0,0.0,0.0,0.0
1440,28.918470795499374,0.0,0.0,0.0,0.0
1441,0.0,0.0,0.0,0.0,0.0
1442,0.0,0.0,0.0,0.0,0.0
1443,45.1883277870835,0.0,0.0,0.0,0.0
1444,30.064226835593477,0.0,0.0,0.0,0.0
1445,39.17956797969519,0.0,0.0,0.0,0.0
1446,31.777573169030582,0.0,0.0,0.0,0.0
1447,29.20965031268651,0.0,0.0,0.0,0.0
1448,31.850554822671107,0.0,0.0,0.0,0.0
1449,26.756188266411908,0.0,0.0,0.0,0.0
1450,0.0,0.0,0.0,0.0,0.0
1451,1.9174056409424933,19.607843137254903,0.40664693341213864,0.0,0.0
1452,34.542141610884535,0.0,0.0,0.0,0.0
1453,25.350702152516025,0.0,0.009838646202282565,0.0,0.0
1454,50.279011235275675,0.0,0.0,0.0,0.0
1455,0.0,0.0,0.0,0.0,0.0
1456,3.3805990282736342,19.607843137254903,0.06887052341597796,0.0,0.007751937984496124
1457,71.12237760416666,0.0,0.0,2.2222222222222223,0.0
1458,54.55864795114162,0.0,0.01967729240456513,6.666666666666667,0.00024224806201550387
1459,34.51912334230677,0.0,0.6114708445619523,0.0,0.0
1460,29.664824956323134,0.0,2.9531417592661233,0.0,0.0
1461,83.95284811478103,0.0,0.5427200598480787,0.0,0.0
1462,34.45899680106002,0.0,0.9018512229974679,0.0,0.0
1463,34.15104298990508,0.0,0.11150957066679407,0.0,0.0
1464,0.0,0.0,0.0,0.0,0.0
1465,25.633640357015107,0.0,0.0,2.2222222222222223,0.0
1466,61.99314656762556,0.0,0.046860356138706656,0.0,0.0
1467,81.87624904721129,0.0,0.020121512216373875,0.0,0.0
1468,33.361384168969074,0.0,0.0,0.0,0.0
1469,37.45344477508817,0.0,0.0,0.0,0.0
1470,81.17655053209063,0.0,0.0,0.0,0.0
1471,85.40258589160673,0.0,0.0,0.0,0.0
1472,90.83711917792685,0.0,0.0,0.0,0.0
1473,47.30009484953251,0.0,0.0,0.0,0.0
1474,48.67573585771626,0.0,0.0,0.0,0.0
1475,63.224289581392235,0.0,0.0,0.0,0.0
1476,51.48271699310693,19.607843137254903,0.0,0.0,0.0
1477,0.0,0.0,0.0,0.0,0.0
1478,71.9027943222835,0.0,0.0,0.0,0.0
1479,17.54049379551026,0.0,0.0,2.2222222222222223,0.0
1480,1.4834648799577521,0.0,0.0,0.0,0.0
1481,15.002249941441404,0.0,0.0,0.0,0.0
1482,0.0,0.0,0.0,0.0,0.0
1483,66.24738692803163,0.0,0.0,0.0,0.0
1484,17.788480620992175,0.0,0.0,0.0,0.0
1485,0.0,0.0,0.0,0.0,0.0
1486,34.547093766458914,0.0,0.0,0.0,0.0
1487,65.75802336974346,0.0,0.0,0.0,0.0
1488,66.919197265625,0.0,0.0,0.0,0.006298449612403101
1489,30.03438345102164,0.0,0.0,0.0,0.0
1490,61.198275721758264,0.0,0.0,0.0,0.0
1491,0.0,0.0,0.0,0.0,0.0
1492,0.0,0.0,0.0,0.0,0.0
1493,0.0,0.0,0.0,0.0,0.0
1494,5.716966478889818,0.0,0.0,0.0,0.0
1495,21.575219947886705,0.0,0.0,0.0,0.0
1496,13.324300963106905,0.0,0.0,0.0,0.0
1497,29.74901655542158,0.0,0.0,0.0,0.0
1498,46.787744877757795,0.0,0.0,0.0,0.0
1499,22.775673509833126,0.0,0.0,0.0,0.0
1500,29.370097323370082,0.0,0.0,0.0,0.0
1501,0.0,0.0,0.0,0.0,0.0
1502,22.415940507606756,0.0,0.0,0.0,0.0
1503,36.35921006252204,0.0,0.0,0.0,0.0
1504,53.65496440731039,0.0,0.0,0.0,0.0
1505,79.90982252158054,0.0,0.0,0.0,0.0
1506,37.66682586857403,0.0,0.0,0.0,0.0
1507,77.61035648997905,0.0,0.0,0.0,0.022286821705426358
1508,83.02331100260416,0.0,0.0,0.0,0.0
1509,12.352906020361365,0.0,0.0,0.0,0.0
1510,22.467329861111107,0.0,0.009838646202282565,0.0,0.0
1511,0.0,0.0,0.0,0.0,0.0
1512,0.0,0.0,0.0,0.0,0.0
1513,22.47870069981047,0.0,0.0,0.0,0.0
1514,9.124476434404016,0.0,0.0,0.0,0.0
1515,0.0,0.0,0.0,0.0,0.019622093023255814
1516,0.0,0.0,0.0,0.0,0.0
1517,0.0,0.0,0.0,0.0,0.0
1518,76.14843351642423,0.0,0.02932551319648094,0.0,0.0
1519,90.80403985543272,0.0,0.3803497525716328,0.0,0.0
1520,88.93627796176372,0.0,0.5226130771422641,2.2222222222222223,0.0
1521,66.47505096271473,0.0,0.10088767298620034,0.0,0.0
1522,94.03589117892014,0.0,0.466027641213037,0.0,0.0
1523,39.49794612878345,0.0,0.43945448991312064,0.0,0.0
1524,83.58404274047463,0.0,0.07994661634850339,0.0,0.012112403100775194
1525,23.29432640900655,0.0,0.3558310376492195,0.0,0.0
1526,56.022456820235725,0.0,0.08861118481161832,0.0,0.0
1527,90.84496681262512,0.0,0.09642529917583006,0.0,0.0
1528,42.629698965006,0.0,0.0,0.0,0.0
1529,57.97261581098978,0.0,0.0,0.0,0.0
1530,87.11836450195312,0.0,0.0,0.0,0.0
1531,61.09456089564732,0.0,0.0,0.0,0.0
1532,76.91490656771312,0.0,0.0,0.0,0.0
1533,52.79521890770344,0.0,0.0,0.0,0.0
1534,88.83915814062662,0.0,0.0,0.0,0.0
1535,86.18569562871512,0.0,0.0,0.0,0.0
1536,27.956450269991308,0.0,0.0,2.2222222222222223,0.0
1537,8.375025483783261,0.0,0.0,0.0,0.0
1538,77.32532724826379,0.0,0.0,0.0,0.0
1539,12.418399508542887,0.0,0.0,0.0,0.0
1540,0.0,0.0,0.0,0.0,0.0
1541,22.994783294746046,0.0,0.0,0.0,0.0188953488372093
1542,0.0,0.0,0.0,0.0,0.0
1543,0.0,0.0,0.0,0.0,0.0
1544,39.49587072136017,0.0,0.0,0.0,0.0
1545,20.20206147239888,0.0,0.0,0.0,0.0
1546,20.78809980468407,0.0,0.0,0.0,0.0
1547,19.938558316446475,0.0,0.0,0.0,0.0
1548,91.85944012015742,0.0,0.0,0.0,0.0
1549,26.17034390873926,0.0,0.0,0.0,0.0
1550,32.30936200487186,0.0,0.0,0.0,0.0
1551,15.126739527720911,0.0,0.0,0.0,0.0
1552,0.0,0.0,0.0,0.0,0.0
1553,0.0,0.0,0.0,0.0,0.0
1554,31.416713538997286,0.0,0.0,0.0,0.0
1555,73.01967705186046,0.0,0.0,0.0,0.0
1556,45.60033989963279,0.0,0.0,0.0,0.0
1557,89.7494001558778,0.0,0.0,0.0,0.0
1558,33.90605088816925,0.0,0.0,0.0,0.0
1559,0.0,0.0,0.0,0.0,0.0
1560,0.0,0.0,0.0,0.0,0.0
1561,43.3043812512925,0.0,0.0,0.0,0.0
1562,27.962759782419887,0.0,0.0,0.0,0.0
1563,37.41446413073476,0.0,0.0,0.0,0.0
1564,43.00072236692169,0.0,0.0,0.0,0.0
1565,14.355496077836072,0.0,0.0,0.0,0.0
1566,28.421079754940216,0.0,0.0,0.0,0.0
1567,29.094851961246427,0.0,0.0,0.0,0.0
1568,38.43000808420792,0.0,0.0,0.0,0.0
1569,33.76614521400933,0.0,0.0,0.0,0.0
1570,25.572649791172218,0.0,0.041325491100603545,0.0,0.00436046511627907
1571,0.0,0.0,0.0,0.0,0.0
1572,16.879552433215306,0.0,0.0,0.0,0.0
1573,40.97764641150552,0.0,0.0680506362324544,2.2222222222222223,0.0
1574,28.88519585253456,0.0,0.015202189115232594,0.0,0.0
1575,26.019736210124357,0.0,0.03970359191575563,0.0,0.0
1576,53.122364098297425,0.0,0.0,0.0,0.0
1577,73.6102989155619,0.0,0.004919323101141283,0.0,0.0
1578,32.35524368465658,0.0,0.024501402800523035,0.0,0.0
1579,85.64158006646456,0.0,0.07180608927389495,0.0,0.0
1580,96.83112677592383,0.0,1.626721497535414,4.444444444444445,0.0
1581,42.739574902765945,0.0,0.8409090909090909,0.0,0.0
1582,70.03926810206478,0.0,0.7182306181508817,0.0,0.0
1583,64.35774633776283,0.0,0.5889440100800251,0.0,0.0
1584,92.9095328328505,0.0,0.019582079699381753,0.0,0.0
1585,33.7598851140303,0.0,0.510622714696833,2.2222222222222223,0.0
1586,86.86591751741736,0.0,0.009838646202282565,0.0,0.0
1587,89.61102130156038,0.0,0.0,0.0,0.0
1588,58.77332095317935,0.0,0.0,0.0,0.0
1589,88.37276307541396,0.0,0.0,0.0,0.0
1590,27.498717450535594,0.0,0.0,0.0,0.0
1591,68.50758560301824,0.0,0.0,0.0,0.0
1592,87.35800884931515,0.0,0.0,2.2222222222222223,0.0
1593,81.79038982504258,0.0,0.0,0.0,0.0
1594,80.39787670340881,0.0,0.0,2.2222222222222223,0.0
1595,50.99628637449487,0.0,0.0,0.0,0.0
1596,0.0,0.0,0.0,0.0,0.0
1597,0.0,0.0,0.0,0.0,0.0
1598,0.0,0.0,0.0,0.0,0.0
1599,0.0,0.0,0.0,0.0,0.0
1600,55.538709946701246,0.0,0.0,0.0,0.0
1601,46.57597759181489,0.0,0.0,0.0,0.0
1602,56.03051830150463,0.0,0.0,0.0,0.0
1603,16.12357342005445,0.0,0.0,0.0,0.0
1604,61.76243904344014,0.0,0.0,0.0,0.0
1605,40.45032872852846,0.0,0.0,0.0,0.0
1606,18.026135010677148,0.0,0.0,0.0,0.0
1607,58.68285151289263,0.0,0.0,0.0,0.0
1608,32.85431866913877,0.0,0.0,0.0,0.0
1609,38.38840536945444,0.0,0.0,0.0,0.0
1610,27.748245837033224,0.0,0.0,0.0,0.0
1611,40.16447188105284,0.0,0.0,0.0,0.0
1612,0.0,0.0,0.0,0.0,0.0
1613,0.0,0.0,0.0,0.0,0.0
1614,15.889216296519548,0.0,0.0,0.0,0.0
1615,49.21348533950618,0.0,0.0,0.0,0.0
1616,14.559260608492764,0.0,0.0,0.0,0.0
1617,74.2875098979777,0.0,0.0,0.0,0.0
1618,19.27170593284908,0.0,0.0,0.0,0.0
1619,0.0,0.0,0.0,0.0,0.0
1620,0.0,0.0,0.0,0.0,0.0
1621,38.48314327680232,0.0,0.0,0.0,0.0
1622,3.6200081131925077,0.0,0.0,0.0,0.0
1623,1.6650247990312117,0.0,0.0,0.0,0.0
1624,29.538547155391193,0.0,0.0,0.0,0.0
1625,0.0,0.0,0.0,0.0,0.0
1626,22.483854470925856,0.0,0.0,0.0,0.0
1627,11.351291253165973,0.0,0.0,0.0,0.0
1628,20.341224751116084,39.21568627450981,0.0,0.0,0.0
1629,9.102324349468061,0.0,0.0,0.0,0.0
1630,65.25563246788386,0.0,0.0,0.0,0.0
1631,48.41566534097825,0.0,0.0,0.0,0.0
1632,58.976769776625225,0.0,0.023430178069353328,0.0,0.00944767441860465
1633,46.18679973709023,0.0,0.0,0.0,0.023255813953488372
1634,56.697866391375705,0.0,0.01466275659824047,0.0,0.0
1635,0.0,0.0,0.0,0.0,0.0
1636,68.65212787510367,0.0,0.0,0.0,0.0
1637,30.68276216313993,0.0,0.0,0.0,0.0
1638,87.47853130635819,19.607843137254903,0.9154463539781381,0.0,0.0
1639,91.89459618408844,0.0,0.0,0.0,0.0
1640,92.5450699963282,0.0,0.19476785648943662,2.2222222222222223,0.0
1641,71.78281768911101,0.0,0.07836990595611285,0.0,0.0
1642,63.57507804081796,0.0,1.1474020837864984,2.2222222222222223,0.02640503875968992
1643,38.95011616877544,0.0,0.3909660585914018,0.0,0.0
1644,80.68149672536175,0.0,0.6193794259824331,2.2222222222222223,0.0
1645,89.63982468710603,0.0,3.45622911062953,0.0,0.007267441860465116
1646,50.05416362830114,19.607843137254903,0.0,4.444444444444445,0.0
1647,89.90621885163891,0.0,0.0,0.0,0.0
1648,95.81177675801267,0.0,0.0,2.2222222222222223,0.0
1649,74.87949847589574,0.0,0.0,0.0,0.0
1650,68.00099753938278,0.0,0.0,2.2222222222222223,0.0
1651,22.647798115733043,0.0,0.0,0.0,0.0
1652,62.86868925463547,0.0,0.0,0.0,0.0
1653,79.4039423472188,0.0,0.0,0.0,0.0
1654,52.342188026436695,0.0,0.0,0.0,0.0
1655,23.55470556405851,0.0,0.0,0.0,0.0
1656,19.144676588091446,0.0,0.0,0.0,0.0
1657,29.323854904410005,0.0,0.0,0.0,0.0
1658,28.551902786485893,0.0,0.0,0.0,0.0
1659,51.67785215679841,0.0,0.0,0.0,0.0
1660,12.913991518082234,0.0,0.0,0.0,0.0
1661,0.0,0.0,0.0,0.0,0.0
1662,29.177653401503367,0.0,0.0,0.0,0.0
1663,57.22554815689966,0.0,0.0,0.0,0.0
1664,58.106973939532324,0.0,0.0,0.0,0.0
1665,62.416617886017754,0.0,0.0,0.0,0.0
1666,58.00021943810953,0.0,0.0,0.0,0.0
1667,59.70822117412712,0.0,0.0,0.0,0.0
1668,57.94146411921645,0.0,0.0,0.0,0.0
1669,72.46013684406896,0.0,0.0,0.0,0.0
1670,17.698024558800817,0.0,0.0,0.0,0.0
1671,0.0,0.0,0.0,0.0,0.0
1672,0.0,0.0,0.0,0.0,0.0
1673,32.95454487193713,0.0,0.0,0.0,0.0
1674,27.940476289684224,0.0,0.0,0.0,0.0
1675,26.919822821041407,0.0,0.0,0.0,0.0
1676,48.99753599263719,19.607843137254903,0.0,0.0,0.0
1677,49.03593853840965,19.607843137254903,0.0,0.0,0.0
1678,24.996454034337546,0.0,0.0,0.0,0.0
1679,59.306900822064314,0.0,0.0,0.0,0.0
1680,0.0,0.0,0.0,0.0,0.0
1681,9.563993261920146,0.0,0.0,0.0,0.0
1682,0.0,0.0,0.0,0.0,0.0
1683,0.0,0.0,0.0,0.0,0.0
1684,26.422979309983617,0.0,0.0,0.0,0.0
1685,68.79292929754577,0.0,0.0,0.0,0.0
1686,28.321678540101402,0.0,0.0,0.0,0.0
1687,55.23411732066761,0.0,0.0,0.0,0.0
1688,36.33606350895198,0.0,0.0,0.0,0.0
1689,0.0,0.0,0.0,0.0,0.0
1690,32.14187215861794,0.0,0.0,0.0,0.0
1691,82.83946408067408,0.0,0.0,0.0,0.0
1692,26.62642314148608,0.0,0.004919323101141283,0.0,0.0
1693,82.78027584402902,0.0,0.027278386962181427,0.0,0.0
1694,32.70311648046462,0.0,0.7944706808343173,0.0,0.0
1695,10.41391594827983,0.0,0.015202189115232594,0.0,0.0
1696,26.95078581239838,0.0,0.007601094557616297,0.0,0.0
1697,81.62586637149917,0.0,0.03746604027108936,0.0,0.0
1698,85.70432079876085,0.0,0.5230475831189855,0.0,0.0
1699,41.946580214914974,0.0,0.10293011775225215,2.2222222222222223,0.003633720930232558
1700,70.36206622932892,0.0,0.004919323101141283,0.0,0.0
1701,82.40944815981537,0.0,0.13275819552116885,0.0,0.0
1702,89.71343686319824,0.0,0.42336715169139505,0.0,0.0
1703,72.80241024050704,0.0,1.2650387970050354,0.0,0.0
1704,27.095003639860217,0.0,1.311706405750293,0.0,0.0
1705,13.680436041862942,19.607843137254903,3.1857909304984657,0.0,0.0
1706,79.88744947696188,0.0,0.0,0.0,0.0
1707,86.75813839741626,0.0,0.0,0.0,0.0
1708,25.826080239285666,0.0,0.0,0.0,0.0
1709,56.5376853660301,0.0,0.0,0.0,0.0
1710,77.66474778608247,0.0,0.0,0.0,0.0
1711,40.42596041824101,0.0,0.0,0.0,0.0024224806201550387
1712,70.08022308124683,0.0,0.0,0.0,0.0
1713,63.68558010525174,0.0,0.0,0.0,0.0
1714,81.4240472926709,0.0,0.0,0.0,0.0
1715,50.4987831654381,0.0,0.0,0.0,0.0
1716,16.198670350357624,0.0,0.0,0.0,0.0
1717,36.21917514496624,0.0,0.0,0.0,0.0
1718,44.18540046630811,0.0,0.0,0.0,0.0
1719,43.66420093145251,0.0,0.0,0.0,0.0
1720,0.0,0.0,0.0,0.0,0.0
1721,45.38003045368354,0.0,0.0,0.0,0.0
1722,0.0,0.0,0.0,0.0,0.0
1723,0.0,0.0,0.0,0.0,0.0
1724,38.46727028046485,0.0,0.0,0.0,0.0
1725,26.14941437110567,0.0,0.0,0.0,0.0
1726,70.69481365811427,0.0,0.0,0.0,0.0
1727,72.45432857366265,0.0,0.0,0.0,0.0
1728,22.543375837665735,0.0,0.0,0.0,0.0
1729,32.3987719930177,0.0,0.0,0.0,0.0
1730,24.204282257300147,0.0,0.0,0.0,0.0
1731,27.50816761363636,0.0,0.0,0.0,0.0
1732,15.132142454163633,0.0,0.0,0.0,0.0
1733,35.267279162512345,0.0,0.0,0.0,0.0
1734,59.80800149445476,0.0,0.0,0.0,0.0
1735,11.559000136860064,0.0,0.0,0.0,0.0
1736,28.015443139311014,0.0,0.0,0.0,0.0
1737,39.401540969004536,0.0,0.0,0.0,0.0
1738,32.74578558949672,0.0,0.0,0.0,0.0
1739,28.159250129202263,0.0,0.0,0.0,0.0
1740,12.61585882353069,0.0,0.0,0.0,0.0
1741,29.291980477975276,0.0,0.0,0.0,0.0
1742,0.0,0.0,0.0,0.0,0.0
1743,20.420765085189885,0.0,0.0,0.0,0.0
1744,1.668483565013934,0.0,0.0,0.0,0.0
1745,0.0,0.0,0.0,0.0,0.0
1746,31.825019717928615,0.0,0.0,0.0,0.0
1747,21.992711953399002,0.0,0.0,0.0,0.0
1748,2.050317877555208,0.0,0.0,0.0,0.0
1749,9.921604349203506,0.0,0.0,0.0,0.0
1750,28.97859816804805,0.0,0.0,0.0,0.0
1751,10.194639085767465,0.0,0.04955348005472427,0.0,0.0
1752,51.204226817255424,0.0,0.0,0.0,0.0
1753,90.29947347844956,0.0,0.08864915312168921,2.2222222222222223,0.0
1754,29.44416893906454,0.0,0.007601094557616297,0.0,0.0
1755,30.153669163305906,0.0,0.0,0.0,0.0
1756,44.73647384149353,0.0,0.029864945713473062,0.0,0.0
1757,87.70404301520513,0.0,0.02612330198537095,0.0,0.01744186046511628
1758,45.03431755514706,0.0,0.061447003316977424,0.0,0.021560077519379845
1759,94.7594249220665,0.0,0.05928567161513739,0.0,0.0
1760,86.87337614362832,0.0,0.009838646202282565,0.0,0.0
1761,52.0907294969052,0.0,0.0,0.0,0.0
1762,43.5515767015487,0.0,0.07117144405171946,0.0,0.0
1763,10.29218091842009,0.0,0.0,0.0,0.0
1764,0.0,0.0,0.0,0.0,0.0
1765,55.914271018065456,0.0,0.0,0.0,0.0
1766,19.6579619984568,0.0,0.0,0.0,0.0
1767,48.3845355478283,0.0,0.0,0.0,0.0
1768,80.52437304196344,0.0,0.0,0.0,0.0
1769,66.41727501164272,0.0,0.0,0.0,0.0
1770,83.49719760482218,0.0,0.0,0.0,0.0
1771,79.24211956641152,0.0,0.0,0.0,0.0
1772,78.3187057265341,0.0,0.0,0.0,0.0
1773,59.64104676136772,0.0,0.0,0.0,0.0
1774,0.0,0.0,0.0,0.0,0.0
1775,31.90476085805738,0.0,0.0,0.0,0.0
1776,50.30426656239248,0.0,0.0,0.0,0.0
1777,58.406454453445946,0.0,0.0,0.0,0.0
1778,23.743508780982513,0.0,0.0,0.0,0.0
1779,35.54820033482143,0.0,0.0,0.0,0.0
1780,0.0,0.0,0.0,0.0,0.0
1781,17.254454603492796,0.0,0.0,0.0,0.0
1782,0.0,0.0,0.0,0.0,0.0
1783,0.0,0.0,0.0,0.0,0.0
1784,0.0,0.0,0.0,0.0,0.0
1785,22.41779512165656,0.0,0.0,0.0,0.0
1786,0.0,0.0,0.0,0.0,0.0
1787,0.0,0.0,0.0,0.0,0.0
1788,49.64174805524111,0.0,0.0,0.0,0.0
1789,15.234391333022435,0.0,0.0,0.0,0.0
1790,35.043070597814506,0.0,0.0,0.0,0.0
1791,46.261786287840955,0.0,0.0,0.0,0.0
1792,0.0,0.0,0.0,0.0,0.0
1793,27.764187836460195,0.0,0.0,0.0,0.0
1794,28.88913187401063,0.0,0.0,0.0,0.0
1795,45.61867944876398,0.0,0.0,0.0,0.0
1796,35.710305652955356,0.0,0.0,0.0,0.0
1797,24.904299495054627,0.0,0.0,0.0,0.0
1798,20.518046762771913,0.0,0.0,0.0,0.0
1799,57.22398810098771,0.0,0.0,0.0,0.0
1800,24.852217244047026,0.0,0.0,0.0,0.0
1801,19.91761161787545,0.0,0.0,0.0,0.0
1802,0.0,0.0,0.0,0.0,0.0
1803,38.72840360091443,0.0,0.0,0.0,0.0
1804,32.11941329907453,0.0,0.0,0.0,0.0
1805,66.03417677969755,0.0,0.0,0.0,0.0
1806,23.056285522767883,0.0,0.0,0.0,0.0
1807,37.640571905450585,0.0,0.0,0.0,0.0
1808,3.4208490607443798,0.0,0.0,0.0,0.0
1809,21.605664727025353,0.0,0.0,0.0,0.0
1810,32.8754912037037,0.0,0.0,0.0,0.0
1811,0.0,0.0,0.0,0.0,0.0
1812,76.49787613696235,0.0,0.0,0.0,0.0
1813,82.56603851264562,0.0,0.35092902666996856,2.2222222222222223,0.0375484496124031
1814,18.8521824522355,0.0,0.007601094557616297,0.0,0.0
1815,18.669472562386403,0.0,0.004919323101141283,0.0,0.0
1816,63.38886801324806,0.0,0.06313131313131312,0.0,0.0
1817,40.70223764660534,0.0,0.08116883116883117,0.0,0.0
1818,44.87923476978612,0.0,0.12039490976217553,2.2222222222222223,0.0
1819,80.4133223868649,0.0,1.2429974621760675,0.0,0.0
1820,45.58250157882804,0.0,0.07030199719045911,0.0,0.0
1821,88.44500669691297,0.0,0.0,0.0,0.0
1822,0.0,0.0,0.0,0.0,0.0
1823,0.0,0.0,0.0,0.0,0.0
1824,0.0,0.0,0.0,0.0,0.0
1825,0.0,0.0,0.0,0.0,0.0
1826,23.77181463178126,0.0,0.0,0.0,0.0
1827,52.16325296908948,0.0,0.0,0.0,0.0
1828,54.51002347379279,0.0,0.0,0.0,0.0
1829,93.00654004955402,0.0,0.0,0.0,0.0
1830,49.86754249106262,0.0,0.0,0.0,0.014534883720930232
1831,46.602891305870884,0.0,0.0,0.0,0.0
1832,73.17530349004838,0.0,0.0,0.0,0.0
1833,29.529533222707695,0.0,0.0,0.0,0.0
1834,34.41964968929202,0.0,0.0,0.0,0.0
1835,46.19456223707933,0.0,0.0,0.0,0.0
1836,0.0,0.0,0.0,0.0,0.0
1837,26.220962714136164,0.0,0.0,0.0,0.0
1838,16.026950604838706,0.0,0.0,0.0,0.0
1839,0.0,0.0,0.0,0.0,0.0
1840,0.0,0.0,0.0,0.0,0.0
1841,0.0,0.0,0.0,0.0,0.0
1842,0.0,0.0,0.0,0.0,0.0
1843,0.0,0.0,0.0,0.0,0.0
1844,0.0,0.0,0.0,0.0,0.0
1845,0.0,0.0,0.0,0.0,0.0
1846,0.0,0.0,0.0,0.0,0.0
1847,0.0,0.0,0.0,0.0,0.0
1848,0.0,0.0,0.0,0.0,0.0
1849,0.0,0.0,0.0,0.0,0.0
1850,0.0,0.0,0.0,0.0,0.0
1851,0.0,0.0,0.0,0.0,0.0
1852,0.0,0.0,0.0,0.0,0.0
1853,23.99355697423884,0.0,0.0,0.0,0.0
1854,21.8178494318223,0.0,0.0,0.0,0.0
1855,31.30128153860423,0.0,0.0,0.0,0.0
1856,32.27827670788172,0.0,0.0,0.0,0.0
1857,24.236664048554722,0.0,0.0,0.0,0.0
1858,24.434973954905114,0.0,0.0,0.0,0.0
1859,21.936650322468974,0.0,0.0,0.0,0.0
1860,7.952355181488824,0.0,0.0,0.0,0.0
1861,41.674842579144844,0.0,0.0,0.0,0.0
1862,4.4305021125840005,0.0,0.0,0.0,0.0
1863,0.0,0.0,0.0,0.0,0.0
1864,38.09523772810933,0.0,0.0,0.0,0.0
1865,0.0,0.0,0.0,0.0,0.0
1866,46.70416511564346,0.0,0.0,0.0,0.0
1867,67.0277662489581,0.0,0.0,0.0,0.0
1868,0.0,0.0,0.0,0.0,0.0
1869,5.34716796875,0.0,0.0,0.0,0.0
1870,0.0,0.0,0.0,0.0,0.0
1871,38.47228060258195,0.0,0.0,0.0,0.015746124031007752
1872,0.0,0.0,0.0,0.0,0.0
1873,25.083664202939993,0.0,0.0,0.0,0.0
1874,10.24479228101457,0.0,0.015202189115232594,0.0,0.0
1875,24.798522761774922,0.0,0.0,0.0,0.0
1876,0.0896888426330511,0.0,0.0,0.0,0.0
1877,18.766210297400754,0.0,0.015202189115232594,0.0,0.0
1878,36.77774607730403,0.0,0.0,0.0,0.0
1879,36.76312597941256,19.607843137254903,0.0,0.0,0.001937984496124031
1880,40.914333920187794,0.0,0.0,0.0,0.046027131782945735
1881,60.78993505462571,0.0,0.0,0.0,0.0
1882,10.92031099223021,0.0,0.0,0.0,0.0
1883,0.0,0.0,0.04140072451267897,0.0,0.0
1884,0.0,0.0,0.0,0.0,0.0
1885,0.0,0.0,0.0,0.0,0.0
1886,0.0,0.0,0.0,0.0,0.0
1887,0.0,0.0,0.0,0.0,0.0
1888,0.0,0.0,0.0,0.0,0.0
1889,39.50082587222954,0.0,0.0,0.0,0.0
1890,89.50667937855637,0.0,0.0,0.0,0.0
1891,74.41619997916686,0.0,0.0,0.0,0.0
1892,20.901607421943545,0.0,0.0,0.0,0.0
1893,0.0,0.0,0.0,0.0,0.0
1894,21.33154541015625,0.0,0.0,0.0,0.0
1895,52.37217476444913,0.0,0.0,0.0,0.0
1896,0.0,0.0,0.0,0.0,0.0
1897,12.055334563700226,0.0,0.0,0.0,0.0
1898,52.54731482449599,0.0,0.0,0.0,0.0
1899,33.17958137053307,0.0,0.0,0.0,0.0
1900,32.22298753545781,0.0,0.0,0.0,0.0
1901,16.58189572005182,0.0,0.0,0.0,0.0
1902,28.379229266826922,0.0,0.0,0.0,0.0
1903,0.0,0.0,0.0,0.0,0.0
1904,0.0,0.0,0.0,0.0,0.0
1905,0.0,0.0,0.0,0.0,0.0
1906,0.0,0.0,0.0,0.0,0.0
1907,0.0,0.0,0.0,0.0,0.0
1908,0.0,0.0,0.0,0.0,0.0
1909,0.0,0.0,0.0,0.0,0.0
1910,0.0,0.0,0.0,0.0,0.0
1911,0.0,0.0,0.0,0.0,0.0
1912,0.0,0.0,0.0,0.0,0.0
1913,0.0,0.0,0.0,0.0,0.0
1914,32.60096683313567,0.0,0.0,0.0,0.0
1915,20.57106498980551,0.0,0.0,0.0,0.0
1916,33.59029709530198,0.0,0.0,0.0,0.0
1917,16.108842721479256,0.0,0.0,0.0,0.0
1918,32.59554897835106,0.0,0.0,0.0,0.0
1919,30.27478214395536,0.0,0.0,0.0,0.0
1920,12.560563020398385,0.0,0.0,0.0,0.0
1921,42.35295477435235,0.0,0.0,0.0,0.0
1922,0.0,0.0,0.0,0.0,0.0
1923,0.0,0.0,0.0,0.0,0.0
1924,0.0,0.0,0.0,0.0,0.0
1925,0.0,0.0,0.0,0.0,0.0
1926,0.0,0.0,0.0,0.0,0.0
1927,30.11281392020303,0.0,0.0,0.0,0.0
1928,48.72268846164386,0.0,0.0,0.0,0.0
1929,0.0,0.0,0.0,0.0,0.016472868217054265
1930,18.7503519839324,0.0,0.0,0.0,0.0
1931,23.77684809675188,0.0,0.03596194818765351,0.0,0.0
1932,18.277659619625364,0.0,0.0,0.0,0.0
1933,13.39963508374764,0.0,0.0,0.0,0.0
1934,32.405003348090354,0.0,0.040881271288794804,0.0,0.0
1935,14.460782814245832,0.0,0.0,0.0,0.0
1936,11.233840681061224,0.0,0.0,0.0,0.0
1937,65.33552160813703,0.0,0.0,0.0,0.0
1938,21.915645412768214,0.0,0.0,0.0,0.0
1939,71.4036658666402,0.0,0.0,2.2222222222222223,0.0
1940,17.37192319747569,39.21568627450981,0.0,0.0,0.0
1941,16.340108984216982,0.0,0.0,0.0,0.0
1942,75.051257226111,0.0,0.0,0.0,0.0
1943,29.045764806651487,0.0,0.0,0.0,0.0
1944,0.0,0.0,0.03800547278808148,0.0,0.0
1945,0.0,0.0,0.0,0.0,0.0
1946,0.0,0.0,0.0,0.0,0.0
1947,0.0,0.0,0.0,0.0,0.0
1948,0.0,0.0,0.0,0.0,0.0
1949,0.0,0.0,0.0,0.0,0.0
1950,0.0,0.0,0.0,0.0,0.0
1951,0.8396568490996459,0.0,0.0,0.0,0.0
1952,0.0,0.0,0.0,0.0,0.0
1953,0.0,0.0,0.0,0.0,0.0
1954,0.0,0.0,0.0,0.0,0.0
1955,53.76293652270676,0.0,0.0,0.0,0.0
1956,0.0,0.0,0.0,0.0,0.0
1957,8.495345169684343,0.0,0.0,0.0,0.0
1958,64.83807101530363,0.0,0.0,0.0,0.0
1959,20.977356387612055,0.0,0.0,0.0,0.0
1960,37.5290367119194,0.0,0.0,0.0,0.0
1961,32.98106417331722,0.0,0.0,0.0,0.0
1962,21.61033442032383,0.0,0.0,0.0,0.0
1963,0.0,0.0,0.0,0.0,0.0
1964,0.0,0.0,0.0,0.0,0.0
1965,0.0,0.0,0.0,0.0,0.0
1966,0.0,0.0,0.0,0.0,0.0
1967,0.0,0.0,0.0,0.0,0.0
1968,0.0,0.0,0.0,0.0,0.0
1969,30.96598113750314,0.0,0.0,0.0,0.0
1970,0.0,0.0,0.0,0.0,0.0
1971,0.0,0.0,0.0,0.0,0.0
1972,0.0,0.0,0.0,0.0,0.0
1973,0.0,0.0,0.0,0.0,0.0
1974,0.0,0.0,0.0,0.0,0.0
1975,28.388944363339462,0.0,0.0,0.0,0.0
1976,26.191599185650162,0.0,0.0,0.0,0.0
1977,34.378891335476816,0.0,0.0,0.0,0.0
1978,0.0,0.0,0.0,0.0,0.0
1979,27.143804390693738,0.0,0.0,0.0,0.0
1980,16.955396480391094,0.0,0.0,0.0,0.0
1981,36.77036210675219,0.0,0.0,0.0,0.0
1982,0.0,0.0,0.0,0.0,0.0
1983,0.0,0.0,0.0,0.0,0.0
1984,0.0,0.0,0.0,0.0,0.0
1985,19.99769409712465,0.0,0.0,0.0,0.0
1986,30.225911643037872,0.0,0.0,0.0,0.0
1987,30.771308766570037,0.0,0.0,0.0,0.0
1988,0.0,0.0,0.0,0.0,0.0
1989,0.0,19.607843137254903,6.826689351206566,0.0,0.0
1990,75.9910790067617,0.0,7.993626415016066,0.0,0.0
1991,0.0,0.0,0.004919323101141283,0.0,0.0
1992,0.0,0.0,0.03326882427163589,0.0,0.0
1993,41.210997964722196,0.0,0.0,0.0,0.0
1994,0.0,0.0,0.0,0.0,0.001937984496124031
1995,11.217377792708882,0.0,0.0,0.0,0.0
1996,22.69394730750509,0.0,0.0,0.0,0.0
1997,65.78002624685244,0.0,0.0,0.0,0.0
1998,23.063715080015346,0.0,0.0,0.0,0.0
1999,41.17006454770522,0.0,0.0,0.0,0.012112403100775194
2000,29.188450718251303,0.0,0.0,0.0,0.010901162790697675
2001,46.81975398137019,0.0,0.0,0.0,0.0
2002,17.605715517358224,0.0,0.0,0.0,0.0
2003,70.06995179792249,0.0,0.0,0.0,0.0
2004,19.60842473271409,0.0,0.0,0.0,0.0
2005,0.0,0.0,0.0,0.0,0.0
2006,0.0,0.0,0.0,0.0,0.0
2007,0.0,0.0,0.0,0.0,0.0
2008,0.0,0.0,0.0,0.0,0.0
2009,0.0,0.0,0.0,0.0,0.0
2010,0.0,0.0,0.0,0.0,0.0
2011,0.0,0.0,0.0,0.0,0.0
2012,0.0,0.0,0.0,0.0,0.0
2013,0.0,0.0,0.0,0.0,0.0
2014,0.0,0.0,0.0,0.0,0.0
2015,55.94073152060681,0.0,0.0,0.0,0.0
2016,61.975167840036974,0.0,0.0,0.0,0.0
2017,5.595930242982017,0.0,0.0,0.0,0.0
2018,13.534382899617492,0.0,0.0,0.0,0.0
2019,27.924290795563966,0.0,0.0,0.0,0.0
2020,34.48685832069851,0.0,0.0,0.0,0.0
2021,40.00050951024083,0.0,0.0,0.0,0.0
2022,0.0,0.0,0.0,0.0,0.0
2023,0.0,0.0,0.0,0.0,0.0
2024,0.0,0.0,0.0,0.0,0.0
2025,0.0,0.0,0.0,0.0,0.0
2026,0.0,0.0,0.0,0.0,0.0
2027,0.0,0.0,0.0,0.0,0.0
2028,0.0,0.0,0.0,0.0,0.0
2029,0.0,0.0,0.0,0.0,0.0
2030,0.0,0.0,0.0,0.0,0.0
2031,0.0,0.0,0.0,0.0,0.0
2032,0.0,0.0,0.0,0.0,0.0
2033,0.0,0.0,0.0,0.0,0.0
2034,0.0,0.0,0.0,0.0,0.0
2035,19.69384825931454,0.0,0.0,0.0,0.0
2036,24.25802933080663,0.0,0.0,0.0,0.0
2037,0.0,0.0,0.0,0.0,0.0
2038,0.0,0.0,0.0,0.0,0.0
2039,0.0,0.0,0.0,0.0,0.0
2040,0.0,0.0,0.0,0.0,0.0
2041,0.0,0.0,0.0,0.0,0.0
2042,0.0,0.0,0.0,0.0,0.0
2043,0.0,0.0,0.0,0.0,0.0
2044,20.8438359375,0.0,0.0,0.0,0.0
2045,0.0,0.0,0.0,0.0,0.0
2046,40.316579972981245,0.0,0.0,0.0,0.0
2047,26.104637930863294,0.0,0.0,0.0,0.0
2048,0.0,0.0,0.0,0.0,0.0
2049,54.678811474975866,0.0,0.0,0.0,0.0
2050,62.14831853517657,0.0,0.0,0.0,0.0
2051,52.41625321255727,0.0,0.0,0.0,0.0
2052,62.84415071614584,0.0,0.012520417658757579,0.0,0.0
2053,28.670195930554687,0.0,0.0,0.0,0.0
2054,26.542688511755607,0.0,0.0,0.0,0.0
2055,29.781284331630943,0.0,0.0,0.0,0.0
2056,9.995839121476259,0.0,0.0,0.0,0.0
2057,35.9340243992912,0.0,0.0,0.0,0.0
2058,33.64622724514563,0.0,0.0,0.0,0.0
2059,32.224722472648345,0.0,0.0,0.0,0.0
2060,42.75125961423897,0.0,0.0,0.0,0.0
2061,23.51071734481368,0.0,0.0,0.0,0.0
2062,40.022371359807174,0.0,0.0,0.0,0.0
2063,0.0,0.0,0.0,0.0,0.0
2064,47.665024609832905,0.0,0.0,0.0,0.0
2065,30.60090769466013,0.0,0.0,0.0,0.0
2066,59.81918209921072,0.0,0.0,0.0,0.0
2067,4.454453858022934,0.0,0.0,0.0,0.0
2068,0.0,0.0,0.0,0.0,0.0
2069,0.0,0.0,0.0,0.0,0.0
2070,0.0,0.0,0.0,0.0,0.0
2071,0.0,0.0,0.0,0.0,0.0
2072,0.0,0.0,0.0,0.0,0.0
2073,0.0,0.0,0.0,0.0,0.0
2074,0.0,0.0,0.0,0.0,0.0
2075,0.0,0.0,0.0,0.0,0.0
2076,0.0,0.0,0.0,0.0,0.0
2077,11.457767480475434,0.0,0.0,0.0,0.0
2078,0.0,0.0,0.0,0.0,0.0
2079,21.365797666751398,0.0,0.0,0.0,0.0
2080,50.51795229067479,0.0,0.0,0.0,0.0
2081,37.90883382350586,0.0,0.0,0.0,0.0
2082,0.0,0.0,0.0,0.0,0.0
2083,0.0,0.0,0.0,0.0,0.0
2084,0.0,0.0,0.0,0.0,0.0
2085,0.0,0.0,0.0,0.0,0.0
2086,0.0,0.0,0.0,0.0,0.0
2087,0.0,0.0,0.0,0.0,0.0
2088,0.0,0.0,0.0,0.0,0.0
2089,37.87878784179688,0.0,0.0,0.0,0.0
2090,0.0,0.0,0.0,0.0,0.0
2091,0.0,0.0,0.0,0.0,0.0
2092,0.0,0.0,0.0,0.0,0.0
2093,0.0,0.0,0.0,0.0,0.0
2094,0.0,0.0,0.0,0.0,0.0
2095,14.895429563665552,0.0,0.0,0.0,0.0
2096,0.0,0.0,0.0,0.0,0.0
2097,0.0,0.0,0.0,0.0,0.0
2098,0.0,0.0,0.0,0.0,0.0
2099,0.0,0.0,0.0,0.0,0.0
2100,0.0,0.0,0.0,0.0,0.0
2101,0.0,0.0,0.0,0.0,0.0
2102,0.0,0.0,0.0,0.0,0.0
2103,0.0,0.0,0.0,0.0,0.0
2104,0.0,0.0,0.0,0.0,0.0
2105,13.579562303407544,0.0,0.0,0.0,0.0
2106,35.25546875,0.0,0.0,0.0,0.0
2107,14.812766305770076,0.0,0.0,0.0,0.0
2108,23.816206421855657,0.0,0.0,0.0,0.0
2109,80.26141486601716,0.0,0.0,0.0,0.0
2110,35.92629660473692,0.0,0.0,0.0,0.0
2111,28.15759555350853,0.0,0.0,0.0,0.0
2112,10.139850189473066,0.0,0.0,0.0,0.0
2113,4.804351235889293,0.0,0.0,0.0,0.0
2114,25.279732113015353,0.0,0.0,0.0,0.0
2115,0.0,0.0,0.0,0.0,0.0
2116,2.5638352878374238,0.0,0.0,0.0,0.0
2117,18.013931688122085,0.0,0.0,0.0,0.0
2118,76.8649944810714,0.0,0.0,0.0,0.0
2119,0.0,0.0,0.0,0.0,0.029796511627906978
2120,55.83210205078125,0.0,0.0,0.0,0.0
2121,74.46975512818736,0.0,0.0,0.0,0.0
2122,56.61690076192221,0.0,0.0,0.0,0.0
2123,15.212446376586385,0.0,0.0,0.0,0.0
2124,42.0108311808173,0.0,0.0,0.0,0.0
2125,11.080874159469756,0.0,0.0,0.0,0.0
2126,28.109209026344917,0.0,0.0,0.0,0.0
2127,45.446601797345544,0.0,0.0,0.0,0.0
2128,19.390256538120564,0.0,0.0,0.0,0.0
2129,0.0,0.0,0.0,0.0,0.0
2130,0.0,0.0,0.0,0.0,0.0
2131,0.0,0.0,0.0,0.0,0.0
2132,0.0,0.0,0.0,0.0,0.0
2133,0.0,0.0,0.0,0.0,0.0
2134,0.0,0.0,0.0,0.0,0.0
2135,0.0,0.0,0.0,0.0,0.0
2136,0.0,0.0,0.0,0.0,0.0
2137,0.0,0.0,0.0,0.0,0.0
2138,0.0,0.0,0.0,0.0,0.0
2139,0.0,0.0,0.0,0.0,0.0
2140,0.0,0.0,0.0,0.0,0.0
2141,0.0,0.0,0.0,0.0,0.0
2142,0.0,0.0,0.0,0.0,0.0
2143,0.0,0.0,0.0,0.0,0.0
2144,0.0,0.0,0.0,0.0,0.0
2145,0.0,0.0,0.0,0.0,0.0
2146,0.0,0.0,0.0,0.0,0.0
2147,0.0,0.0,0.0,0.0,0.0
2148,0.0,0.0,0.0,0.0,0.0
2149,0.0,0.0,0.0,0.0,0.0
2150,16.72224452376736,0.0,0.0,0.0,0.0
2151,0.0,0.0,0.0,0.0,0.0
2152,0.0,0.0,0.0,0.0,0.0
2153,0.0,0.0,0.0,0.0,0.0
2154,0.0,0.0,0.0,0.0,0.0
2155,0.0,0.0,0.0,0.0,0.0
2156,0.0,0.0,0.0,0.0,0.0
2157,0.0,0.0,0.0,0.0,0.0
2158,0.0,0.0,0.0,0.0,0.0
2159,0.0,0.0,0.0,0.0,0.0
2160,0.0,0.0,0.0,0.0,0.0
2161,0.0,0.0,0.0,0.0,0.0
2162,10.64773331944303,0.0,0.0,0.0,0.0
2163,0.0,0.0,0.0,0.0,0.0
2164,32.69426394772444,0.0,0.0,0.0,0.0
2165,0.0,0.0,0.0,0.0,0.0249515503875969
2166,0.0,0.0,0.0,0.0,0.0
2167,1.5075758903585923,0.0,0.0,0.0,0.0
2168,27.517716022477124,0.0,0.0,0.0,0.0
2169,30.997265621833904,0.0,0.0,0.0,0.0
2170,46.2107900760665,0.0,0.0,0.0,0.0
2171,0.0,0.0,0.0,0.0,0.0
2172,0.0,0.0,0.0,0.0,0.0
2173,16.663056481260863,0.0,0.0,0.0,0.0
2174,14.441233943776544,0.0,0.0,0.0,0.0
2175,0.0,0.0,0.0,0.0,0.0
2176,24.302089967028927,0.0,0.0,0.0,0.0
2177,26.104690889256087,0.0,0.0,0.0,0.0
2178,14.39013616131083,0.0,0.0,0.0,0.0
2179,28.74820763446214,0.0,0.007601094557616297,0.0,0.0
2180,31.340917682364346,0.0,0.0,0.0,0.0
2181,31.44973596643519,0.0,0.0,0.0,0.0
2182,44.545695296706434,0.0,0.0,0.0,0.0
2183,28.435585420296704,0.0,0.0,0.0,0.0
2184,33.98030560025514,0.0,0.0,0.0,0.0
2185,28.965936522019152,0.0,0.0,0.0,0.0
2186,26.431484902081525,0.0,0.0,0.0,0.0
2187,31.100135450080025,0.0,0.0,0.0,0.0
2188,16.50574346736403,0.0,0.0,0.0,0.0
2189,49.37571066936876,0.0,0.0,0.0,0.0
2190,0.0,0.0,0.0,0.0,0.0
2191,0.0,0.0,0.0,0.0,0.0
2192,0.0,0.0,0.0,0.0,0.0
2193,0.0,0.0,0.0,0.0,0.0
2194,0.0,0.0,0.0,0.0,0.0
2195,0.0,0.0,0.0,0.0,0.0
2196,0.0,0.0,0.0,0.0,0.0
2197,0.0,0.0,0.0,0.0,0.0
2198,0.0,0.0,0.0,0.0,0.0
2199,0.0,0.0,0.0,0.0,0.0
2200,0.0,0.0,0.0,0.0,0.0
2201,0.0,0.0,0.0,0.0,0.0
2202,0.0,0.0,0.0,0.0,0.0
2203,0.0,0.0,0.0,0.0,0.0
2204,0.0,0.0,0.0,0.0,0.0
2205,0.0,0.0,0.0,0.0,0.0
2206,0.0,0.0,0.0,0.0,0.0
2207,0.0,0.0,0.0,0.0,0.0
2208,0.0,0.0,0.0,0.0,0.0
2209,0.0,0.0,0.0,0.0,0.0
2210,0.0,0.0,0.0,0.0,0.0
2211,0.0,0.0,0.0,0.0,0.0
2212,0.0,0.0,0.0,0.0,0.0
2213,0.0,0.0,0.0,0.0,0.0
2214,0.0,0.0,0.0,0.0,0.0
2215,0.0,0.0,0.0,0.0,0.0
2216,0.0,0.0,0.0,0.0,0.0
2217,0.0,0.0,0.0,0.0,0.0
2218,0.0,0.0,0.0,0.0,0.0
2219,0.0,0.0,0.0,0.0,0.0
2220,0.0,0.0,0.0,0.0,0.0
2221,0.0,0.0,0.0,0.0,0.0
2222,13.938225825869111,0.0,0.0,0.0,0.0
2223,0.0,0.0,0.0,0.0,0.0
2224,0.0,0.0,0.0,0.0,0.0048449612403100775
2225,0.0,0.0,0.0,0.0,0.0
2226,0.0,0.0,0.0,0.0,0.0
2227,35.2646034915248,0.0,0.0,0.0,0.0
2228,36.3143977569966,0.0,0.0,0.0,0.0
2229,10.069447174072154,0.0,0.0,0.0,0.0
2230,18.365920115785084,0.0,0.0,0.0,0.0
2231,13.610790657121875,0.0,0.0,0.0,0.0
2232,53.721548798617945,0.0,0.0,0.0,0.0
2233,31.087396911926525,0.0,0.0,0.0,0.0
2234,2.5164422106990436,19.607843137254903,0.0,0.0,0.005813953488372093
2235,16.432465711439992,0.0,0.0,0.0,0.0
2236,22.364261395245443,0.0,0.01466275659824047,0.0,0.0
2237,10.340610740698153,0.0,0.027722606773990174,0.0,0.0
2238,25.392655071030312,0.0,0.8120485607316232,0.0,0.0
2239,56.01013650429748,0.0,0.0,0.0,0.0
2240,10.927952344514935,0.0,0.004919323101141283,0.0,0.0
2241,59.70934983579988,0.0,0.0,0.0,0.0
2242,46.789358172919925,0.0,0.0,0.0,0.0
2243,36.5703359083406,0.0,0.0,0.0,0.0
2244,60.25650606615238,0.0,0.0,0.0,0.0
2245,19.336092037651763,0.0,0.0,0.0,0.0
2246,56.21182703156443,0.0,0.0,0.0,0.0
2247,26.311964839012326,0.0,0.0,0.0,0.0
2248,42.11337989255078,0.0,0.0,0.0,0.0
2249,57.11727898479981,0.0,0.0,0.0,0.0
2250,28.83786847600267,0.0,0.0,0.0,0.0
2251,0.0,0.0,0.0,0.0,0.0
2252,0.0,0.0,0.0,0.0,0.0
2253,0.0,0.0,0.0,0.0,0.0
2254,0.0,0.0,0.0,0.0,0.0
2255,0.0,0.0,0.0,0.0,0.0
2256,0.0,0.0,0.0,0.0,0.0
2257,0.0,0.0,0.0,0.0,0.0
2258,0.0,0.0,0.0,0.0,0.0
2259,0.0,0.0,0.0,0.0,0.0
2260,0.0,0.0,0.0,0.0,0.0
2261,0.0,0.0,0.0,0.0,0.0
2262,0.0,0.0,0.0,0.0,0.0
2263,0.0,0.0,0.0,0.0,0.0
2264,0.0,0.0,0.0,0.0,0.0
2265,0.0,0.0,0.0,0.0,0.0
2266,0.0,0.0,0.0,0.0,0.0
2267,0.0,0.0,0.0,0.0,0.0
2268,0.0,0.0,0.0,0.0,0.0
2269,0.0,0.0,0.0,0.0,0.0
2270,0.0,0.0,0.0,0.0,0.0
2271,0.0,0.0,0.0,0.0,0.0
2272,0.0,0.0,0.0,0.0,0.0
2273,0.0,0.0,0.0,0.0,0.0
2274,0.0,0.0,0.0,0.0,0.0
2275,0.0,0.0,0.0,0.0,0.0
2276,0.0,0.0,0.0,0.0,0.0
2277,0.0,0.0,0.0,0.0,0.0
2278,0.0,0.0,0.0,0.0,0.0
2279,0.0,0.0,0.0,0.0,0.0
2280,0.0,0.0,0.0,0.0,0.0
2281,26.57795168022947,0.0,0.0,0.0,0.0
2282,32.605403840257765,0.0,0.0,0.0,0.0
2283,0.0,0.0,0.0,0.0,0.0
2284,0.0,0.0,0.0,0.0,0.0
2285,36.26304212285291,0.0,0.0,0.0,0.0
2286,0.0,0.0,0.0,0.0,0.0
2287,0.0,0.0,0.0,0.0,0.0
2288,0.0,0.0,0.0,0.0,0.0
2289,0.0,0.0,0.0,0.0,0.0
2290,0.0,0.0,0.0,0.0,0.0
2291,2.912501896240194,0.0,0.0,0.0,0.0
2292,18.945692198093113,0.0,0.0,0.0,0.0
2293,21.133123528179187,0.0,0.0,0.0,0.0
2294,43.16988871078391,0.0,0.0,0.0,0.0
2295,17.443373674336193,0.0,0.0,0.0,0.0
2296,42.348522815075555,0.0,0.0,0.0,0.0
2297,16.818619251863897,0.0,0.0,0.0,0.0
2298,34.17809408822746,0.0,0.0,0.0,0.0
2299,17.05524728468252,0.0,0.0,0.0,0.0
2300,24.73404433518712,0.0,0.0,0.0,0.0
2301,0.0,0.0,0.0,0.0,0.0
2302,0.0,0.0,0.0,0.0,0.0
2303,34.722102314090804,0.0,0.0,0.0,0.0
2304,26.146852934791287,0.0,0.0,0.0,0.0
2305,20.68290144233147,0.0,0.0,0.0,0.0
2306,0.0,0.0,0.0,0.0,0.0
2307,0.0,0.0,0.0,0.0,0.0
2308,0.0,0.0,0.0,0.0,0.0
2309,23.887137702521343,0.0,0.0,0.0,0.0
2310,30.231984749707618,0.0,0.0,0.0,0.0
2311,0.0,0.0,0.0,0.0,0.0
2312,16.975308641975307,0.0,0.0,0.0,0.0
2313,0.0,0.0,0.0,0.0,0.0
2314,0.0,0.0,0.0,0.0,0.0
2315,0.0,0.0,0.0,0.0,0.0
2316,0.0,0.0,0.0,0.0,0.0
2317,0.0,0.0,0.0,0.0,0.0
2318,0.0,0.0,0.0,0.0,0.0
2319,0.0,0.0,0.0,0.0,0.0
2320,0.0,0.0,0.0,0.0,0.0
2321,0.0,0.0,0.0,0.0,0.0
2322,0.0,0.0,0.0,0.0,0.0
2323,0.0,0.0,0.0,0.0,0.0
2324,0.0,0.0,0.0,0.0,0.0
2325,0.0,0.0,0.0,0.0,0.0
2326,0.0,0.0,0.0,0.0,0.0
2327,0.0,0.0,0.0,0.0,0.0
2328,0.0,0.0,0.0,0.0,0.0
2329,0.0,0.0,0.0,0.0,0.0
2330,0.0,0.0,0.0,0.0,0.0
2331,0.0,0.0,0.0,0.0,0.0
2332,0.0,0.0,0.0,0.0,0.0
2333,0.0,0.0,0.0,0.0,0.0
2334,0.0,0.0,0.0,0.0,0.0
2335,0.0,0.0,0.0,0.0,0.0
2336,0.0,0.0,0.0,0.0,0.0
2337,0.0,0.0,0.0,0.0,0.0
2338,0.0,0.0,0.0,0.0,0.0
2339,0.0,0.0,0.0,0.0,0.0
2340,8.420749323247524,0.0,0.0,0.0,0.0
2341,59.63498062172159,0.0,0.0,0.0,0.0
2342,17.22354139863046,0.0,0.0,0.0,0.0
2343,16.005704182306125,0.0,0.0,0.0,0.0
2344,0.0,0.0,0.0,0.0,0.0
2345,0.0,0.0,0.0,0.0,0.0
2346,0.0,0.0,0.0,0.0,0.0
2347,0.0,0.0,0.0,0.0,0.0
2348,0.0,0.0,0.0,0.0,0.0
2349,19.01895163353605,0.0,0.0,0.0,0.0
2350,23.729085489435143,0.0,0.0,0.0,0.0
2351,20.965340631451856,0.0,0.0,0.0,0.0
2352,69.85171529613422,0.0,0.0,0.0,0.0
2353,0.0,0.0,0.0,0.0,0.0
2354,0.0,0.0,0.0,0.0,0.0
2355,50.65297243442186,0.0,0.0,0.0,0.0
2356,11.253209352813665,0.0,0.0,0.0,0.0
2357,41.649694498853165,0.0,0.0,0.0,0.0
2358,28.209476615287443,0.0,0.0,0.0,0.0
2359,17.619655864197536,0.0,0.0,0.0,0.0
2360,27.588451480965194,0.0,0.0,0.0,0.0
2361,0.0,0.0,0.0,0.0,0.0
2362,0.0,0.0,0.0,0.0,0.0
2363,42.896498270053094,0.0,0.0,0.0,0.0
2364,36.09360919475127,0.0,0.0,0.0,0.0
2365,0.782026909770217,0.0,0.0,0.0,0.0
2366,0.0,0.0,0.0,0.0,0.0
2367,0.0,0.0,0.0,0.0,0.0
2368,15.182231245523115,0.0,0.0,0.0,0.0
2369,18.126896325487152,0.0,0.0,0.0,0.0
2370,1.9284862784480161,0.0,0.0,0.0,0.0
2371,43.88472414345473,0.0,0.0,0.0,0.0
2372,28.396595368910592,0.0,0.0,0.0,0.0
2373,24.82530402589066,0.0,0.0,0.0,0.0
2374,29.618937438276483,0.0,0.0,0.0,0.0
2375,0.0,0.0,0.0,0.0,0.0
2376,0.0,0.0,0.0,0.0,0.0
2377,11.07552894503263,0.0,0.0,0.0,0.0
2378,0.0,0.0,0.0,0.0,0.0
2379,0.0,0.0,0.0,0.0,0.0
2380,0.0,0.0,0.0,0.0,0.0
2381,0.0,0.0,0.0,0.0,0.0
2382,0.0,0.0,0.0,0.0,0.0
2383,0.0,0.0,0.0,0.0,0.0
2384,0.0,0.0,0.0,0.0,0.0
2385,0.0,0.0,0.0,0.0,0.0
2386,0.0,0.0,0.0,0.0,0.0
2387,0.0,0.0,0.0,0.0,0.0
2388,0.0,0.0,0.0,0.0,0.0
2389,0.0,0.0,0.0,0.0,0.0
2390,0.0,0.0,0.0,0.0,0.0
2391,0.0,0.0,0.0,0.0,0.0
2392,0.0,0.0,0.0,0.0,0.0
2393,0.0,0.0,0.0,0.0,0.0
2394,0.0,0.0,0.0,0.0,0.0
2395,0.0,0.0,0.0,0.0,0.0
2396,0.0,0.0,0.0,0.0,0.0
2397,0.0,0.0,0.0,0.0,0.0
2398,0.0,0.0,0.0,0.0,0.0
2399,0.0,0.0,0.0,0.0,0.0
